booking_id,booking_date,ticket_count,status,contact_name,contact_email,created_at,contact_phone,user_id
1,9/17/2024,5,active,Kevan Lockyear,klockyear0@google.es,1/28/2020,291-142-4866,336
2,1/23/2026,5,active,Cherise Mortel,cmortel1@bandcamp.com,11/20/2022,214-675-3982,170
3,12/4/2021,2,pending,Jolee Dowrey,jdowrey2@mozilla.com,2/17/2024,292-366-2370,480
4,5/4/2020,2,completed,Carleton MacNair,cmacnair3@ibm.com,12/17/2022,120-392-3191,180
5,12/1/2026,2,completed,Corrina Reder,creder4@indiatimes.com,2/6/2023,585-955-9801,305
6,4/26/2022,1,pending,Jarred Swanston,jswanston5@google.ca,7/10/2025,510-448-2259,282
7,4/21/2021,2,completed,Josselyn Pinckstone,jpinckstone6@arstechnica.com,4/11/2021,163-594-6226,86
8,5/16/2020,1,active,Alvy Riteley,ariteley7@amazon.de,6/1/2022,812-279-3339,300
9,12/19/2021,3,active,Jolynn Preene,jpreene8@wufoo.com,12/3/2024,152-751-8255,25
10,8/3/2022,6,pending,Gardy Hemerijk,ghemerijk9@elpais.com,8/20/2020,600-916-7133,181
11,6/5/2024,2,completed,Christoph Venart,cvenarta@patch.com,9/15/2024,898-328-3400,132
12,12/23/2026,6,pending,Rosana Niezen,rniezenb@behance.net,8/7/2023,625-448-8420,329
13,4/9/2022,2,completed,Wilhelmina Kopecka,wkopeckac@youku.com,9/1/2026,395-798-1334,23
14,11/29/2022,1,completed,Theobald Champ,tchampd@forbes.com,6/26/2025,226-131-7450,232
15,6/4/2023,2,completed,Brandais Simoncelli,bsimoncellie@blogs.com,5/1/2022,496-771-2251,144
16,9/23/2020,4,pending,Ruy Peiro,rpeirof@simplemachines.org,2/25/2026,982-206-1264,208
17,1/7/2026,3,active,Kayla Koche,kkocheg@gmpg.org,2/9/2025,802-339-1835,320
18,8/11/2026,1,pending,Jaynell Tring,jtringh@dion.ne.jp,10/21/2023,921-518-9354,470
19,4/21/2021,1,active,Norman Manis,nmanisi@github.com,5/28/2022,318-335-5003,435
20,2/24/2026,3,active,Lila Forsbey,lforsbeyj@comcast.net,4/15/2020,514-891-9920,463
21,2/22/2026,1,active,Marja Albury,malburyk@google.co.uk,1/4/2026,398-294-3846,302
22,12/17/2022,6,completed,Everett Leachman,eleachmanl@google.it,3/11/2023,484-726-5729,107
23,6/21/2024,4,completed,Christye Crux,ccruxm@accuweather.com,8/23/2023,177-199-0282,292
24,5/29/2026,4,active,Lyndsey Pays,lpaysn@washington.edu,10/25/2020,664-158-8512,315
25,12/3/2024,1,completed,Jonie Lippett,jlippetto@nih.gov,10/7/2020,652-495-5445,41
26,7/27/2024,1,completed,Nikolas Royans,nroyansp@aol.com,10/10/2020,731-128-9730,180
27,8/18/2025,6,pending,Beck Cummins,bcumminsq@cargocollective.com,7/20/2025,870-131-2023,493
28,4/2/2025,1,active,Korella Drinkeld,kdrinkeldr@bing.com,9/7/2020,209-387-9677,285
29,9/3/2024,5,completed,Bernadina Stairs,bstairss@i2i.jp,4/24/2023,305-854-8644,472
30,8/29/2023,3,active,Charmane Brisard,cbrisardt@ft.com,10/10/2025,939-587-9986,444
31,9/20/2022,1,completed,Philly Presland,ppreslandu@g.co,10/11/2020,977-332-9277,273
32,6/11/2025,2,active,Zechariah Taylour,ztaylourv@ycombinator.com,2/25/2023,917-214-5045,302
33,6/20/2024,6,pending,Rudyard Magee,rmageew@jiathis.com,4/30/2026,602-557-9512,229
34,10/21/2020,2,completed,Gui Gribbon,ggribbonx@dell.com,9/23/2022,917-915-4972,482
35,12/17/2022,1,active,Marice Heckner,mhecknery@i2i.jp,7/27/2022,773-522-3946,335
36,10/13/2020,2,completed,Mag McWhan,mmcwhanz@nifty.com,5/18/2021,170-992-7941,159
37,1/3/2022,2,active,Alissa Remirez,aremirez10@dion.ne.jp,3/26/2023,360-271-8422,258
38,4/29/2020,6,pending,Vance Jickells,vjickells11@apache.org,10/25/2022,203-337-7425,348
39,10/23/2024,2,pending,Garth Elleton,gelleton12@dailymail.co.uk,3/20/2025,127-398-6386,359
40,11/30/2023,1,pending,Kristal Daniaud,kdaniaud13@mapy.cz,8/17/2025,725-817-9769,448
41,5/5/2022,6,completed,Tripp Genge,tgenge14@de.vu,8/4/2022,354-260-6526,150
42,4/13/2024,1,completed,Adrianne Killiam,akilliam15@ox.ac.uk,7/7/2025,865-940-5842,394
43,1/2/2026,2,active,Vinni Poyle,vpoyle16@google.co.uk,12/26/2021,245-432-5449,321
44,9/27/2024,4,pending,Morlee Argontt,margontt17@google.it,1/5/2024,612-839-8726,170
45,11/21/2025,2,completed,Jeffrey Leighfield,jleighfield18@toplist.cz,3/27/2020,560-378-4113,357
46,1/8/2021,5,pending,Jackie Henri,jhenri19@dell.com,7/2/2025,763-984-4524,225
47,10/30/2024,1,completed,Arron Grindlay,agrindlay1a@addthis.com,1/7/2020,317-138-8036,124
48,11/28/2022,2,pending,Griffy Cunah,gcunah1b@cnbc.com,3/9/2023,474-671-3534,199
49,8/12/2024,1,active,Sallee Poat,spoat1c@myspace.com,10/16/2026,534-765-7739,226
50,1/21/2022,1,active,Fannie Blaxland,fblaxland1d@bbb.org,5/2/2022,512-688-8051,306
51,4/8/2020,6,completed,Templeton Kretschmer,tkretschmer1e@posterous.com,12/24/2020,206-767-5804,408
52,11/21/2025,5,completed,Friederike Finby,ffinby1f@nsw.gov.au,4/10/2023,631-738-8790,183
53,2/13/2020,1,completed,Theressa Osichev,tosichev1g@buzzfeed.com,1/6/2024,912-353-0788,318
54,10/3/2023,6,active,Pris Dunthorne,pdunthorne1h@imageshack.us,5/5/2022,267-944-3189,374
55,11/18/2026,4,pending,Angie MacGibbon,amacgibbon1i@clickbank.net,1/23/2025,505-412-1680,350
56,12/1/2026,4,completed,Chicky Yitshak,cyitshak1j@google.com.hk,9/16/2024,559-606-7289,313
57,11/22/2021,6,completed,Dalston Rumin,drumin1k@blog.com,12/8/2025,437-491-5318,405
58,6/28/2020,5,pending,Maxwell Toffalo,mtoffalo1l@sina.com.cn,8/18/2021,409-254-0190,376
59,8/22/2023,6,pending,Berni De Freyne,bde1m@ocn.ne.jp,5/30/2023,416-440-7810,107
60,4/23/2023,4,completed,Heath Messam,hmessam1n@google.com.br,7/29/2021,877-971-7945,397
61,4/22/2021,4,completed,Alf Degoix,adegoix1o@yahoo.com,12/18/2026,805-610-3618,409
62,4/10/2024,5,active,Ranna Chasles,rchasles1p@tuttocitta.it,5/8/2026,311-473-9672,43
63,6/8/2024,1,completed,Mycah Augur,maugur1q@mac.com,10/31/2021,622-907-8419,181
64,11/12/2026,2,completed,Gretta Shalloe,gshalloe1r@icio.us,10/23/2026,881-806-5144,68
65,11/14/2022,4,pending,Terri Dwerryhouse,tdwerryhouse1s@miibeian.gov.cn,11/8/2021,119-264-6798,58
66,5/19/2021,5,pending,Roxane McLay,rmclay1t@pagesperso-orange.fr,6/28/2025,805-578-9673,231
67,10/1/2021,4,completed,Clio Digg,cdigg1u@wiley.com,12/12/2020,972-998-3155,1
68,3/18/2020,5,active,Cecilius Pennicott,cpennicott1v@discovery.com,3/29/2025,509-355-4550,372
69,10/27/2020,5,active,Alexandrina Friday,afriday1w@ezinearticles.com,8/7/2025,290-713-9726,282
70,2/2/2022,5,active,Rice Hamley,rhamley1x@yellowpages.com,1/23/2026,623-415-6342,370
71,10/7/2020,6,pending,Bethanne Kyndred,bkyndred1y@squidoo.com,8/31/2026,985-645-5281,201
72,5/26/2025,6,active,Elspeth Dan,edan1z@boston.com,10/7/2020,763-661-5781,210
73,4/6/2026,1,pending,Palmer Sambell,psambell20@fotki.com,10/28/2026,670-140-4286,319
74,12/26/2025,4,pending,Jacquenette McAllister,jmcallister21@admin.ch,10/25/2026,348-255-6097,200
75,11/11/2026,1,pending,Jessy Mellsop,jmellsop22@home.pl,1/18/2020,461-215-9843,461
76,2/19/2022,3,pending,Kathryne De Ath,kde23@answers.com,6/9/2021,627-256-2564,42
77,6/6/2025,3,pending,Knox Ormes,kormes24@acquirethisname.com,12/16/2021,885-776-9372,331
78,4/22/2022,2,completed,Rutledge Broster,rbroster25@indiegogo.com,5/17/2024,688-333-5774,297
79,9/3/2026,5,active,Irving Donkersley,idonkersley26@zdnet.com,7/22/2025,187-310-9943,127
80,4/6/2023,1,pending,Bonnie Whytock,bwhytock27@indiegogo.com,3/29/2026,190-897-3448,446
81,10/25/2021,4,active,Zachariah Skrine,zskrine28@state.tx.us,12/17/2022,140-486-2022,150
82,3/30/2021,5,completed,Marcelle Eyre,meyre29@shareasale.com,7/1/2025,340-675-1013,350
83,3/8/2021,6,pending,Jaquelyn Hercock,jhercock2a@apache.org,7/29/2025,318-981-6161,112
84,8/7/2021,6,active,Magnum Gouthier,mgouthier2b@businessweek.com,9/23/2023,653-354-6750,300
85,4/7/2021,2,completed,Seth Lamonby,slamonby2c@msn.com,12/18/2023,392-235-3646,215
86,10/13/2025,6,pending,Tiffanie Docker,tdocker2d@discovery.com,6/13/2024,705-235-0806,174
87,5/19/2023,3,completed,Roy Norwich,rnorwich2e@discovery.com,7/14/2023,664-462-3921,135
88,2/14/2024,2,pending,Tanney Bowry,tbowry2f@about.com,9/16/2021,260-101-1069,237
89,6/8/2021,2,active,Carol-jean Lamps,clamps2g@multiply.com,9/29/2024,527-299-3216,483
90,2/27/2023,6,pending,Sharia Fippe,sfippe2h@cnn.com,6/29/2021,725-343-7910,373
91,6/2/2022,6,pending,Verile Connue,vconnue2i@forbes.com,8/1/2025,771-674-3887,460
92,2/20/2026,4,active,Marcille Alpes,malpes2j@youku.com,2/13/2026,102-708-3383,489
93,11/20/2025,6,active,Birk Jezzard,bjezzard2k@elpais.com,2/22/2023,414-202-4519,194
94,8/2/2022,2,pending,Shayla Pakeman,spakeman2l@wunderground.com,8/19/2026,214-252-4713,224
95,2/26/2024,1,pending,Melisande Polland,mpolland2m@google.co.uk,8/9/2025,512-442-8187,352
96,8/2/2026,3,completed,Bartel Ziemecki,bziemecki2n@blogs.com,7/30/2020,115-342-7646,257
97,4/27/2021,4,completed,Sylas Bellard,sbellard2o@blinklist.com,12/16/2024,244-616-7149,299
98,3/25/2020,6,completed,Meir Ashwood,mashwood2p@meetup.com,9/17/2026,396-110-9683,142
99,6/14/2021,6,pending,Domenic Tigwell,dtigwell2q@bloglines.com,4/3/2026,917-312-0361,48
100,2/20/2025,5,active,Collette Coe,ccoe2r@surveymonkey.com,10/7/2023,611-954-4613,332
101,3/11/2025,1,active,Tucker Whelband,twhelband2s@si.edu,10/27/2023,634-482-4399,86
102,11/25/2026,1,completed,Artemus Shavel,ashavel2t@gov.uk,9/26/2023,122-533-7023,44
103,8/9/2024,5,pending,Susanna Wyon,swyon2u@statcounter.com,2/28/2022,584-592-0068,391
104,5/19/2021,1,pending,Flem Allon,fallon2v@google.com,8/3/2020,553-870-2848,35
105,9/26/2023,3,active,Dolph Philippet,dphilippet2w@yellowbook.com,2/4/2023,821-939-1241,255
106,6/5/2022,2,active,Gill Yacob,gyacob2x@aol.com,10/11/2022,760-707-6658,127
107,1/28/2026,6,pending,Vail Haith,vhaith2y@wikipedia.org,2/9/2026,710-474-0174,474
108,7/16/2020,4,active,Elisa Golson,egolson2z@vinaora.com,4/14/2026,778-161-4467,460
109,11/26/2020,3,active,Brook Dering,bdering30@newsvine.com,6/27/2025,169-576-1239,469
110,3/31/2020,5,pending,Duane Blyth,dblyth31@toplist.cz,2/28/2025,678-920-0622,90
111,9/6/2026,6,active,Chelsey Tucker,ctucker32@ovh.net,2/13/2021,943-518-9364,301
112,2/18/2023,3,pending,Elle Sitwell,esitwell33@icq.com,5/13/2022,732-945-7673,347
113,5/27/2021,5,active,Mira Gudde,mgudde34@google.com.hk,7/28/2025,451-946-3122,63
114,6/3/2022,5,active,Waylon Peealess,wpeealess35@wufoo.com,9/23/2021,836-775-1581,127
115,4/17/2022,3,pending,Maud Brennenstuhl,mbrennenstuhl36@addthis.com,6/24/2023,964-434-3506,251
116,10/7/2021,2,completed,Farlay Grishelyov,fgrishelyov37@seesaa.net,4/17/2024,653-132-9077,299
117,9/27/2020,3,pending,Petrina Bourgeois,pbourgeois38@shinystat.com,6/8/2026,359-232-1013,285
118,5/18/2026,5,active,Cosette Clemenzi,cclemenzi39@nbcnews.com,1/9/2020,799-992-7479,43
119,2/15/2023,1,active,Lynette Dorre,ldorre3a@biglobe.ne.jp,11/7/2026,835-313-1061,321
120,7/19/2024,1,active,Agosto Dunstone,adunstone3b@guardian.co.uk,5/14/2026,423-490-3408,44
121,2/28/2021,5,pending,Clary Charrier,ccharrier3c@ocn.ne.jp,3/11/2025,129-359-7731,221
122,11/2/2023,1,completed,Nelly Charke,ncharke3d@addtoany.com,2/10/2020,693-426-0319,121
123,12/1/2021,6,active,Nickolai Willard,nwillard3e@princeton.edu,3/26/2020,915-974-5159,454
124,5/14/2026,2,pending,Juliette Tregunnah,jtregunnah3f@oakley.com,4/1/2025,760-897-5092,97
125,11/12/2024,1,active,Giustina Limprecht,glimprecht3g@cocolog-nifty.com,11/2/2023,555-946-9527,184
126,10/10/2025,1,pending,Wiatt Gretham,wgretham3h@bandcamp.com,1/13/2024,587-162-8913,68
127,11/4/2021,4,active,Patsy Scurr,pscurr3i@baidu.com,10/26/2023,249-830-5498,289
128,9/15/2025,4,pending,Hollyanne Peet,hpeet3j@forbes.com,12/28/2023,913-668-4197,241
129,10/9/2025,1,active,Alvin Sysland,asysland3k@zdnet.com,8/28/2026,453-101-6849,56
130,2/1/2020,3,pending,Ellswerth Peyro,epeyro3l@addthis.com,5/29/2020,831-420-3720,176
131,5/12/2023,5,pending,Johnna Bonifas,jbonifas3m@dedecms.com,11/23/2022,676-445-8438,451
132,11/19/2025,3,pending,Loni Stathor,lstathor3n@mtv.com,6/6/2023,358-698-0901,156
133,9/25/2021,5,completed,Nelly Dasent,ndasent3o@t.co,8/3/2025,266-384-5993,267
134,4/5/2020,4,active,Pavla Bennit,pbennit3p@usnews.com,8/17/2025,781-381-8947,111
135,3/19/2020,2,active,Brook Robichon,brobichon3q@bloglines.com,10/19/2020,602-418-1230,339
136,3/9/2022,5,completed,Kandy Banaszewski,kbanaszewski3r@csmonitor.com,8/22/2024,837-847-6315,11
137,11/13/2023,2,completed,Sax Hallwell,shallwell3s@ocn.ne.jp,6/1/2020,288-622-9344,365
138,4/7/2026,3,active,Jarrod Jennaway,jjennaway3t@google.com,10/23/2022,983-132-9893,380
139,5/26/2022,2,completed,Ephraim Twomey,etwomey3u@tripadvisor.com,4/9/2024,442-337-2423,355
140,8/23/2024,3,completed,Rafael Lorant,rlorant3v@yahoo.co.jp,2/16/2026,747-457-5418,355
141,9/6/2020,2,pending,Niall Shearwood,nshearwood3w@salon.com,9/10/2026,851-244-2860,207
142,4/19/2023,1,pending,Bernadine Litel,blitel3x@mlb.com,5/29/2021,461-947-5801,170
143,7/6/2022,5,active,Nial Domleo,ndomleo3y@tripadvisor.com,1/12/2020,786-865-5267,302
144,2/27/2020,3,pending,Zenia MacShirrie,zmacshirrie3z@blogs.com,4/21/2026,384-121-1927,437
145,9/30/2024,2,active,Russ Mccaull,rmccaull40@simplemachines.org,4/1/2024,500-461-4157,269
146,4/13/2023,6,pending,Mildrid Ivasechko,mivasechko41@surveymonkey.com,2/28/2024,743-555-0888,304
147,4/3/2024,6,completed,Faunie Whiff,fwhiff42@gov.uk,9/1/2024,940-654-4824,286
148,11/10/2020,5,active,Sandi Spollen,sspollen43@purevolume.com,6/25/2022,471-193-6905,104
149,12/4/2021,6,active,Wanda Hoppner,whoppner44@biblegateway.com,11/15/2022,545-805-7691,290
150,6/16/2025,1,completed,Trixie Vise,tvise45@cafepress.com,10/4/2025,435-207-9032,333
151,12/1/2025,5,pending,Tony Sinkin,tsinkin46@dailymail.co.uk,3/20/2024,843-447-6441,400
152,3/24/2024,4,active,Gregoire Soall,gsoall47@ft.com,12/26/2023,443-299-9008,12
153,4/18/2026,6,pending,Steven Shoutt,sshoutt48@sciencedirect.com,5/30/2026,796-691-8197,497
154,12/20/2024,5,completed,Rich Spearman,rspearman49@blogspot.com,8/4/2023,782-175-5174,157
155,2/26/2022,5,completed,Sandra Aaron,saaron4a@tripod.com,2/3/2020,918-781-0456,400
156,5/20/2020,6,pending,Si Pennuzzi,spennuzzi4b@gmpg.org,6/2/2025,240-615-3795,285
157,5/25/2026,2,pending,Buffy Colgan,bcolgan4c@twitter.com,1/5/2024,241-796-9694,400
158,5/28/2025,1,pending,Ty Goodrick,tgoodrick4d@biblegateway.com,8/10/2026,343-691-6865,11
159,12/12/2026,6,active,Hamil Dymocke,hdymocke4e@yolasite.com,5/5/2023,926-173-2221,187
160,7/26/2021,6,pending,Arne Kwietek,akwietek4f@slashdot.org,12/31/2024,476-208-6128,472
161,2/20/2024,4,pending,Virginia Heggadon,vheggadon4g@arstechnica.com,8/21/2025,312-219-0393,261
162,8/29/2025,6,active,Nikola Farebrother,nfarebrother4h@dion.ne.jp,10/23/2026,173-228-2344,454
163,1/10/2024,3,pending,Roi Rickson,rrickson4i@dell.com,7/19/2024,795-983-8647,101
164,10/31/2026,3,pending,Beauregard Torrecilla,btorrecilla4j@ftc.gov,6/25/2021,454-707-9901,468
165,11/12/2026,6,active,Perla Benner,pbenner4k@ifeng.com,12/29/2021,122-902-7389,68
166,3/12/2023,1,completed,Harriot De Gowe,hde4l@theguardian.com,2/4/2026,217-444-3208,327
167,1/21/2021,3,pending,Heinrick Frankling,hfrankling4m@constantcontact.com,7/11/2025,575-890-7586,353
168,9/9/2021,6,pending,Nessie Oxtiby,noxtiby4n@devhub.com,9/26/2021,413-107-0265,94
169,3/4/2025,1,pending,Melly Faulder,mfaulder4o@wikispaces.com,7/11/2024,808-652-7768,483
170,7/31/2023,1,active,Anneliese Popland,apopland4p@cbc.ca,12/17/2020,982-783-7535,116
171,11/21/2020,3,active,Charmaine Corpes,ccorpes4q@ycombinator.com,3/9/2026,706-451-2036,190
172,7/24/2026,6,active,Andy Laffan,alaffan4r@angelfire.com,7/6/2023,370-381-2695,350
173,8/22/2020,4,active,Dom Karpinski,dkarpinski4s@privacy.gov.au,4/18/2020,328-794-6351,185
174,12/9/2026,3,completed,Ives Earsman,iearsman4t@paypal.com,2/21/2022,701-260-0335,161
175,7/17/2025,5,completed,Midge Dillimore,mdillimore4u@goo.ne.jp,3/7/2022,656-791-4221,159
176,5/17/2026,1,pending,Fernandina Ayerst,fayerst4v@cpanel.net,12/14/2025,933-389-2240,409
177,8/17/2020,5,pending,Leoine Cattel,lcattel4w@people.com.cn,7/11/2026,530-851-5490,288
178,1/12/2023,3,active,Lisle Gogan,lgogan4x@irs.gov,9/26/2022,823-927-5544,467
179,1/24/2024,4,completed,Killy Jakoubek,kjakoubek4y@comcast.net,2/23/2020,436-166-9624,79
180,3/29/2025,1,completed,Ronica McCandie,rmccandie4z@mtv.com,11/23/2023,438-412-3306,139
181,2/7/2022,5,pending,Terrance Abramow,tabramow50@alexa.com,9/20/2020,934-487-5164,189
182,1/14/2020,3,completed,Alameda Laye,alaye51@berkeley.edu,10/28/2023,942-749-9193,499
183,1/12/2025,1,pending,Carey Hinsch,chinsch52@weibo.com,11/27/2020,904-403-2691,441
184,7/11/2020,6,active,Mirilla Mitchard,mmitchard53@usgs.gov,9/4/2022,964-151-1316,215
185,3/13/2021,2,active,Patty Stallybrass,pstallybrass54@biblegateway.com,3/6/2025,966-751-4764,441
186,3/11/2025,1,active,Jareb Gniewosz,jgniewosz55@dagondesign.com,1/19/2025,480-796-0358,3
187,8/3/2020,4,pending,Agnese Cooper,acooper56@aboutads.info,9/17/2025,581-963-1917,310
188,6/9/2022,1,active,Christopher Kalinsky,ckalinsky57@scribd.com,3/25/2025,175-270-0593,144
189,11/20/2025,4,pending,Cicily Sculpher,csculpher58@storify.com,7/26/2023,974-163-9872,87
190,8/3/2021,3,pending,Blayne Yukhnini,byukhnini59@imgur.com,11/8/2025,551-398-2300,59
191,2/11/2026,2,pending,Brandea Brumfitt,bbrumfitt5a@prnewswire.com,5/4/2024,472-138-5941,499
192,2/20/2022,3,active,Lucio Stiger,lstiger5b@webs.com,4/26/2026,624-409-4295,430
193,8/22/2021,6,active,Teena Sibson,tsibson5c@sohu.com,8/29/2021,396-790-8323,22
194,6/29/2023,1,completed,Cindee Godier,cgodier5d@newsvine.com,4/1/2021,535-654-9189,415
195,5/17/2022,2,active,Jobina Abramof,jabramof5e@cdbaby.com,11/23/2020,385-734-5885,475
196,8/19/2022,4,completed,Sherlocke Giampietro,sgiampietro5f@narod.ru,12/5/2022,436-460-0589,208
197,11/19/2021,4,active,Rodrique Harbin,rharbin5g@netscape.com,11/3/2023,550-257-9460,268
198,5/22/2022,4,completed,Melinda Pohls,mpohls5h@sun.com,2/18/2026,742-265-9186,264
199,6/23/2020,5,active,Abagail Houndesome,ahoundesome5i@slideshare.net,9/8/2023,483-460-3907,199
200,11/11/2024,5,completed,Kippie Ensor,kensor5j@wikia.com,10/6/2024,845-196-8764,116
201,7/27/2024,6,completed,Blinni Byng,bbyng5k@desdev.cn,11/26/2026,510-874-2335,195
202,10/2/2026,1,completed,Eula Torbeck,etorbeck5l@tinypic.com,3/2/2024,233-851-1164,257
203,11/29/2021,3,active,Aldridge Hurdidge,ahurdidge5m@yelp.com,7/7/2024,395-665-0441,314
204,4/23/2025,6,active,Roseline Westhead,rwesthead5n@webs.com,1/15/2020,414-620-6990,385
205,1/9/2020,3,active,Jarrett Duffree,jduffree5o@europa.eu,10/10/2025,108-144-0140,341
206,2/23/2022,3,active,Willis Seawright,wseawright5p@rakuten.co.jp,1/1/2022,518-232-0690,489
207,1/10/2021,6,completed,Fax Chavez,fchavez5q@twitter.com,7/5/2021,336-309-1295,95
208,9/16/2023,4,completed,Felicio Stearns,fstearns5r@netlog.com,4/27/2024,878-514-4287,249
209,6/27/2024,1,pending,Ibbie O' Lone,io5s@jalbum.net,3/1/2025,343-331-6627,234
210,11/15/2020,1,pending,Hamilton Gerdes,hgerdes5t@google.com.br,10/3/2020,425-229-6238,425
211,9/28/2023,5,pending,Ronna Glazier,rglazier5u@irs.gov,7/5/2021,797-170-1607,291
212,4/16/2020,3,completed,Cati Deshorts,cdeshorts5v@nyu.edu,10/9/2025,920-351-4194,464
213,9/1/2023,6,completed,Lynne Karys,lkarys5w@ucoz.ru,1/3/2026,456-192-7662,258
214,9/30/2025,5,pending,Meg Gogerty,mgogerty5x@ftc.gov,2/11/2026,577-390-6473,399
215,3/1/2020,3,active,Cindelyn Mitchener,cmitchener5y@sakura.ne.jp,5/27/2022,343-442-5155,368
216,11/20/2021,1,completed,Morna Siddele,msiddele5z@rakuten.co.jp,5/23/2023,500-783-4007,473
217,8/25/2020,6,completed,Juliana Tolossi,jtolossi60@apple.com,10/17/2025,961-130-7773,445
218,2/14/2023,2,active,Daron Otterwell,dotterwell61@qq.com,6/5/2023,991-177-6223,347
219,3/11/2020,6,completed,Sigmund Yanson,syanson62@cocolog-nifty.com,4/30/2026,573-935-6543,273
220,9/2/2026,2,pending,Hewett La Grange,hla63@networksolutions.com,6/1/2020,979-688-7887,38
221,6/5/2025,1,active,Rodd Gudeman,rgudeman64@joomla.org,6/3/2025,891-728-1539,47
222,8/22/2023,6,active,Burgess Rupel,brupel65@ycombinator.com,9/15/2026,322-107-5834,367
223,8/16/2020,2,pending,Hunfredo Megarry,hmegarry66@unc.edu,10/22/2025,709-919-5370,323
224,5/15/2021,1,pending,Ludovika Evett,levett67@icio.us,4/11/2023,250-398-0277,157
225,7/21/2023,5,completed,Eda Flindall,eflindall68@histats.com,12/24/2023,676-973-5792,148
226,2/8/2020,1,completed,Phillis Rawne,prawne69@gnu.org,11/24/2024,385-868-5768,377
227,9/20/2025,2,completed,Mirelle Curcher,mcurcher6a@multiply.com,7/30/2021,173-991-2843,155
228,4/21/2024,2,completed,Kristo Blyde,kblyde6b@census.gov,1/3/2020,525-768-3675,275
229,1/27/2022,3,pending,Barny Tordoff,btordoff6c@altervista.org,12/31/2023,636-749-2392,480
230,2/21/2022,2,pending,Katalin Oughton,koughton6d@booking.com,7/1/2025,554-525-7860,224
231,12/7/2024,6,active,Lindy Cobby,lcobby6e@pcworld.com,1/29/2023,920-270-4604,142
232,8/7/2025,6,completed,Alberik Paradine,aparadine6f@desdev.cn,7/17/2024,660-171-2525,413
233,11/22/2026,5,pending,Lazaro Wilce,lwilce6g@yolasite.com,10/15/2020,847-161-5834,320
234,6/14/2022,4,completed,Durant Petracchi,dpetracchi6h@infoseek.co.jp,4/18/2023,955-738-6595,453
235,9/16/2023,6,active,Massimiliano Starkings,mstarkings6i@rakuten.co.jp,4/23/2022,530-560-0470,145
236,9/9/2020,3,completed,Godart Dimnage,gdimnage6j@parallels.com,10/1/2023,305-319-6638,446
237,10/14/2020,3,pending,Jelene MacCoughen,jmaccoughen6k@china.com.cn,9/16/2025,590-473-8955,436
238,7/13/2026,1,active,Cally Bulfield,cbulfield6l@mysql.com,12/29/2022,212-880-7455,378
239,3/13/2024,6,completed,Patience Gagin,pgagin6m@berkeley.edu,4/11/2026,992-700-7228,308
240,6/27/2026,4,completed,Maximilien Boustred,mboustred6n@craigslist.org,7/6/2021,868-875-7868,371
241,1/3/2026,4,completed,Ashbey Probet,aprobet6o@virginia.edu,7/17/2020,468-534-0301,448
242,8/16/2023,3,active,Tiphani Chomiszewski,tchomiszewski6p@simplemachines.org,8/15/2022,945-349-0084,236
243,6/22/2023,3,completed,Elvyn Darville,edarville6q@amazon.de,1/16/2020,984-330-9357,131
244,1/26/2025,1,completed,Morgan Gecke,mgecke6r@dmoz.org,1/19/2020,456-761-2802,24
245,12/4/2022,2,pending,Tanya Pettifer,tpettifer6s@eventbrite.com,3/7/2023,370-294-4762,214
246,10/31/2022,2,completed,Dara MacAdam,dmacadam6t@ted.com,4/6/2021,696-630-0750,424
247,1/28/2026,6,completed,Katrine Fewlass,kfewlass6u@a8.net,12/29/2022,471-762-4126,18
248,12/21/2020,2,completed,Romy Heindrich,rheindrich6v@cnn.com,5/18/2021,901-749-2848,436
249,10/2/2026,6,pending,Peri Dybald,pdybald6w@globo.com,2/4/2023,464-898-9952,64
250,1/14/2024,1,pending,Issi Arlett,iarlett6x@hao123.com,1/19/2023,188-389-6118,224
251,12/23/2026,1,completed,Bastien Sandcraft,bsandcraft6y@apple.com,8/21/2026,307-815-7170,442
252,4/10/2025,6,completed,Gale Dowman,gdowman6z@linkedin.com,5/29/2022,609-677-7860,354
253,8/4/2023,5,pending,Emmye Daintier,edaintier70@amazonaws.com,5/1/2020,444-811-2237,346
254,10/30/2022,2,active,Berti Wimpeney,bwimpeney71@un.org,8/20/2020,548-815-3469,172
255,12/1/2020,5,pending,Pepe Bound,pbound72@techcrunch.com,10/15/2023,978-364-4502,445
256,2/4/2022,6,completed,Malorie Vesco,mvesco73@businessinsider.com,1/23/2020,784-351-6587,256
257,11/23/2025,2,active,Tyler Peagram,tpeagram74@seattletimes.com,4/1/2020,656-148-6741,118
258,3/14/2026,2,completed,Zebedee Anglish,zanglish75@multiply.com,10/13/2023,695-805-9259,370
259,1/6/2023,5,active,Julius Claw,jclaw76@bandcamp.com,9/23/2026,253-920-3826,92
260,4/7/2025,5,active,Alasteir Glasbey,aglasbey77@oakley.com,11/13/2026,190-491-5502,310
261,3/4/2023,1,active,Inga Guilayn,iguilayn78@ox.ac.uk,12/17/2026,422-659-8164,431
262,9/25/2020,6,pending,Layney Baudain,lbaudain79@boston.com,7/23/2026,404-176-8723,427
263,10/3/2021,4,active,Lothario Harradine,lharradine7a@sourceforge.net,10/23/2024,811-480-3397,135
264,6/14/2026,5,pending,Johannes Dellenbrok,jdellenbrok7b@cmu.edu,5/14/2023,348-427-1549,448
265,3/6/2022,2,completed,Kearney Grabban,kgrabban7c@free.fr,2/25/2020,204-934-5449,216
266,8/16/2023,4,active,Alana Dury,adury7d@boston.com,5/7/2021,816-490-6438,140
267,2/24/2026,6,pending,Richmond Couroy,rcouroy7e@youtube.com,3/18/2025,739-975-5021,128
268,9/2/2020,5,pending,Padriac Braikenridge,pbraikenridge7f@cyberchimps.com,9/22/2023,434-852-1039,100
269,6/14/2026,5,completed,Gayelord Basil,gbasil7g@apple.com,12/25/2023,449-279-8246,348
270,6/7/2024,5,active,Sheila-kathryn Tsarovic,stsarovic7h@twitpic.com,10/8/2025,271-405-6369,486
271,10/13/2026,2,pending,Donnie Bollands,dbollands7i@live.com,12/13/2023,107-715-5410,284
272,2/1/2024,2,completed,Otis Hammand,ohammand7j@bloglovin.com,7/19/2022,702-580-9537,187
273,10/15/2025,5,pending,Cole Nary,cnary7k@over-blog.com,5/18/2025,702-926-1891,208
274,8/23/2020,6,completed,Eldon Nuttall,enuttall7l@ifeng.com,6/11/2026,213-878-6389,63
275,6/25/2020,6,active,Fransisco Scotsbrook,fscotsbrook7m@princeton.edu,12/5/2020,834-516-0806,40
276,3/12/2024,4,completed,Rory Biagini,rbiagini7n@netvibes.com,12/16/2024,179-258-6602,442
277,7/10/2020,6,active,Doy Blackley,dblackley7o@hhs.gov,1/24/2024,953-952-9025,198
278,12/10/2025,5,completed,Randell McDonnell,rmcdonnell7p@360.cn,7/12/2023,880-688-9947,192
279,3/11/2020,1,pending,Pepito Connell,pconnell7q@dedecms.com,2/26/2023,797-138-4408,22
280,6/5/2021,2,pending,Berry Benzi,bbenzi7r@apache.org,12/24/2020,342-946-9854,373
281,10/8/2021,2,active,Monty Gelderd,mgelderd7s@scribd.com,6/17/2021,642-550-4949,452
282,4/21/2022,6,pending,Terri Parradine,tparradine7t@java.com,4/8/2022,586-940-2217,430
283,2/27/2022,3,pending,Willi Whitney,wwhitney7u@squarespace.com,5/5/2026,928-110-5236,404
284,4/11/2024,3,pending,Eryn Dockreay,edockreay7v@dropbox.com,12/10/2024,555-923-5122,420
285,9/16/2026,5,active,Rochella Levings,rlevings7w@instagram.com,10/18/2020,573-881-5948,321
286,10/4/2022,4,active,Aida Lampl,alampl7x@shop-pro.jp,1/13/2020,659-895-1496,414
287,7/16/2024,1,pending,Freemon Bradlaugh,fbradlaugh7y@netvibes.com,12/1/2024,802-246-5073,427
288,9/16/2026,4,pending,Jeromy Forsdicke,jforsdicke7z@merriam-webster.com,9/22/2023,382-417-3846,295
289,9/7/2026,2,active,Ariadne Bullas,abullas80@nbcnews.com,6/10/2021,211-929-6097,14
290,1/30/2023,6,pending,Ban Basnett,bbasnett81@networksolutions.com,5/27/2020,992-749-0943,47
291,5/5/2024,3,completed,Trina Hopewell,thopewell82@jalbum.net,6/6/2025,571-111-8890,415
292,12/22/2023,1,completed,Vale Peel,vpeel83@over-blog.com,5/12/2021,966-401-2473,331
293,4/13/2026,4,pending,Elysia Duligall,eduligall84@msn.com,11/12/2026,259-849-0210,235
294,9/16/2020,1,pending,Jean MacDonnell,jmacdonnell85@geocities.jp,2/20/2022,453-720-1632,329
295,4/1/2025,5,completed,Jayson Redfern,jredfern86@sogou.com,5/22/2022,401-355-4353,222
296,8/24/2026,4,pending,Johnath Farahar,jfarahar87@a8.net,2/12/2025,561-819-5182,398
297,3/1/2022,3,pending,Elsworth Wrathall,ewrathall88@whitehouse.gov,11/3/2025,689-180-3111,391
298,9/6/2021,4,active,Royal Goucher,rgoucher89@gmpg.org,12/27/2020,507-436-6586,422
299,9/5/2026,4,active,Kalli Tertre,ktertre8a@bloomberg.com,12/9/2026,320-574-0899,178
300,2/13/2022,3,pending,Berry Huglin,bhuglin8b@arstechnica.com,1/11/2022,554-582-5983,63
301,12/25/2023,1,pending,Ly La Grange,lla8c@wikispaces.com,6/4/2026,123-882-4319,158
302,9/1/2020,3,completed,Bethena Sarjent,bsarjent8d@narod.ru,7/28/2023,525-435-9015,376
303,7/13/2020,6,completed,Vitoria Warcop,vwarcop8e@fastcompany.com,12/18/2025,299-718-3486,219
304,9/9/2023,6,completed,Jesse Toolin,jtoolin8f@cargocollective.com,8/14/2025,247-765-2939,53
305,9/11/2021,1,pending,Julieta Sliman,jsliman8g@liveinternet.ru,5/28/2023,796-446-8997,406
306,10/19/2022,3,pending,Sissy Copsey,scopsey8h@yandex.ru,3/15/2022,783-210-5033,344
307,10/7/2022,3,pending,Dniren Sommers,dsommers8i@creativecommons.org,2/6/2021,401-551-2381,385
308,10/5/2022,6,completed,Fionna Tremblay,ftremblay8j@1688.com,12/23/2026,250-160-4582,262
309,9/24/2021,4,active,Talbert Howcroft,thowcroft8k@hugedomains.com,3/8/2021,382-159-8588,422
310,2/14/2023,5,pending,Stavro Brafferton,sbrafferton8l@plala.or.jp,4/25/2022,991-482-1562,161
311,5/22/2025,5,completed,Wenonah Slater,wslater8m@unc.edu,6/1/2023,996-253-0350,361
312,8/18/2020,3,completed,Carin Fisby,cfisby8n@blogger.com,7/11/2021,137-663-2950,45
313,11/6/2021,3,completed,Kailey Richt,kricht8o@techcrunch.com,12/6/2023,803-336-5431,352
314,5/18/2023,2,active,Sibylla Darrow,sdarrow8p@moonfruit.com,12/13/2023,678-575-4641,366
315,10/15/2024,4,pending,Julissa Schirach,jschirach8q@cisco.com,9/15/2021,921-665-3500,127
316,11/6/2026,1,active,Justine England,jengland8r@vistaprint.com,10/6/2025,359-951-2773,481
317,5/13/2021,6,active,Wallie Tinwell,wtinwell8s@hugedomains.com,4/7/2023,406-349-1693,485
318,4/13/2022,4,pending,Meade Petroselli,mpetroselli8t@tuttocitta.it,7/28/2025,935-935-8484,163
319,1/27/2024,4,completed,Wallie Creech,wcreech8u@zdnet.com,11/2/2023,440-491-4905,325
320,11/15/2025,1,active,Babara Rassmann,brassmann8v@sitemeter.com,4/14/2020,465-225-3375,151
321,4/10/2023,2,completed,Erich Maxweell,emaxweell8w@1688.com,7/8/2024,531-112-5174,441
322,3/2/2022,4,completed,Siusan Golsby,sgolsby8x@usgs.gov,7/13/2021,707-856-0906,274
323,2/5/2025,6,active,Kingsly Silkstone,ksilkstone8y@drupal.org,12/8/2022,323-122-0524,241
324,4/28/2021,1,pending,Hillier Zielinski,hzielinski8z@goo.ne.jp,8/9/2020,928-653-9601,162
325,8/22/2021,3,completed,Mackenzie Connors,mconnors90@i2i.jp,7/3/2021,150-505-9307,150
326,8/2/2024,1,completed,Kayla McKnockiter,kmcknockiter91@rediff.com,5/17/2022,957-437-1717,131
327,9/5/2024,5,active,Jeromy Garforth,jgarforth92@yahoo.com,9/2/2020,109-835-2589,375
328,9/15/2026,6,active,Allayne Mc Meekin,amc93@jalbum.net,3/18/2023,588-703-1859,272
329,1/13/2026,1,pending,Tades Hepher,thepher94@vkontakte.ru,1/20/2023,848-423-9882,487
330,11/27/2021,6,active,Irene Ferruzzi,iferruzzi95@biglobe.ne.jp,3/16/2026,705-164-7215,394
331,9/4/2025,1,active,Freeland Byford,fbyford96@jalbum.net,10/4/2025,601-345-8957,33
332,10/16/2020,1,active,Arlen Syplus,asyplus97@rediff.com,7/11/2024,994-362-9849,87
333,7/5/2020,2,pending,Chloe Pellingar,cpellingar98@macromedia.com,2/2/2020,185-322-1585,180
334,3/16/2026,2,completed,Gilli Duchesne,gduchesne99@ebay.com,3/8/2020,469-866-7681,129
335,3/23/2026,5,pending,Rose Kingman,rkingman9a@blogger.com,12/31/2025,963-738-3153,18
336,12/17/2020,2,active,Shannen Carlozzi,scarlozzi9b@tinypic.com,9/9/2022,651-387-9327,433
337,1/13/2020,6,completed,Modesty Baversor,mbaversor9c@constantcontact.com,7/10/2025,733-228-9089,476
338,1/20/2020,5,active,Lexy Symons,lsymons9d@yolasite.com,7/3/2023,200-533-5532,478
339,10/9/2024,1,completed,Larissa Jenteau,ljenteau9e@vkontakte.ru,1/29/2023,900-438-9304,471
340,4/2/2023,5,completed,Dierdre Burr,dburr9f@usda.gov,11/27/2025,374-945-7518,400
341,12/19/2024,5,pending,Daryl Isabell,disabell9g@behance.net,12/28/2020,392-507-0588,112
342,12/1/2020,5,completed,Elbertine Bergen,ebergen9h@mayoclinic.com,1/11/2026,910-188-7446,298
343,5/30/2024,5,pending,Renate Claris,rclaris9i@dropbox.com,2/7/2022,500-943-1540,299
344,5/13/2022,4,completed,Lambert Pounsett,lpounsett9j@freewebs.com,3/15/2023,406-750-5962,52
345,8/1/2022,4,completed,Jenn Siemandl,jsiemandl9k@engadget.com,7/22/2025,977-505-1286,383
346,12/10/2024,6,completed,Cullan Corington,ccorington9l@yolasite.com,12/14/2022,726-436-3763,460
347,1/10/2022,2,completed,Holden Alennikov,halennikov9m@epa.gov,10/29/2022,542-578-1078,112
348,12/8/2020,1,active,Vladamir Kinmond,vkinmond9n@pbs.org,5/5/2021,353-728-8555,478
349,6/2/2020,2,completed,Arlena Sands-Allan,asandsallan9o@ameblo.jp,8/17/2021,386-152-8766,350
350,1/9/2025,3,active,Kevan Hedditeh,khedditeh9p@cmu.edu,1/18/2025,663-955-7912,13
351,6/12/2020,4,active,Anna-diana Spatig,aspatig9q@nps.gov,7/11/2022,372-141-0636,182
352,12/15/2022,3,active,Ilaire Levington,ilevington9r@woothemes.com,7/3/2026,414-795-7893,458
353,10/21/2020,2,pending,Doralia Christescu,dchristescu9s@myspace.com,2/13/2022,502-748-6758,396
354,3/9/2023,4,completed,Alyss Lewington,alewington9t@goo.ne.jp,2/22/2023,889-275-8539,152
355,7/24/2023,3,pending,Emmett Boissieux,eboissieux9u@columbia.edu,1/11/2025,459-878-8574,54
356,8/16/2021,3,pending,Dedie Crowne,dcrowne9v@is.gd,10/4/2022,742-127-6765,454
357,9/17/2020,2,completed,Ransell Orthmann,rorthmann9w@ebay.com,8/17/2020,123-335-7211,379
358,11/1/2025,2,completed,Carmela Rounsefull,crounsefull9x@godaddy.com,6/22/2020,742-639-6374,286
359,8/24/2026,1,active,Marrilee Arrell,marrell9y@jigsy.com,12/21/2020,348-919-6091,308
360,1/19/2021,5,active,Claude Maeer,cmaeer9z@rambler.ru,7/10/2023,150-949-4661,330
361,1/17/2024,1,active,Paloma Agglione,pagglionea0@washingtonpost.com,11/28/2023,369-244-4974,293
362,4/8/2025,3,pending,Lesley Grinvalds,lgrinvaldsa1@infoseek.co.jp,12/15/2022,846-627-0296,317
363,11/10/2021,4,completed,Toddie Inde,tindea2@stanford.edu,8/19/2024,212-676-3345,301
364,12/13/2020,5,completed,Seward Fay,sfaya3@nifty.com,6/1/2026,334-878-4618,226
365,11/12/2026,4,active,Margalit Horrell,mhorrella4@amazon.com,2/25/2023,996-493-5053,379
366,8/22/2023,5,completed,Dimitri O'Reagan,doreagana5@dedecms.com,2/12/2020,468-124-4204,102
367,11/18/2020,3,completed,Packston Martinez,pmartineza6@msu.edu,12/20/2021,801-856-7727,153
368,4/6/2024,1,completed,Allan Giblin,agiblina7@cornell.edu,1/12/2022,127-723-4839,425
369,7/17/2021,4,active,Elyssa Thurling,ethurlinga8@mozilla.org,10/25/2026,471-313-0041,266
370,12/24/2024,6,completed,Caralie Alred,calreda9@youku.com,10/1/2025,362-295-0583,301
371,11/21/2020,1,completed,Michell Pinar,mpinaraa@mysql.com,10/5/2020,503-254-1120,14
372,11/10/2023,4,active,Joletta de Wilde,jdeab@lulu.com,3/19/2020,765-446-9018,151
373,4/5/2025,3,pending,Hadrian English,henglishac@fotki.com,8/17/2023,412-926-5325,93
374,2/2/2025,4,completed,Hubie MacNeilly,hmacneillyad@infoseek.co.jp,7/22/2026,487-758-5804,488
375,9/24/2025,6,completed,Lacie Daldry,ldaldryae@buzzfeed.com,8/18/2024,311-569-4697,134
376,2/20/2025,5,completed,Weston Keir,wkeiraf@youtube.com,4/10/2026,451-177-8569,374
377,7/9/2023,2,completed,Noble Kalf,nkalfag@harvard.edu,3/20/2022,313-603-4241,55
378,5/4/2026,4,active,Zorine Kempster,zkempsterah@behance.net,11/23/2023,670-130-6799,80
379,4/30/2026,2,active,Cherri Gourley,cgourleyai@multiply.com,7/8/2024,489-803-4267,328
380,11/14/2020,3,pending,Igor Chasteau,ichasteauaj@squidoo.com,7/25/2026,898-892-6976,29
381,3/29/2020,4,completed,Edgard Aleveque,ealevequeak@dot.gov,12/5/2024,870-616-2633,304
382,12/31/2024,4,pending,Berky Sleight,bsleightal@toplist.cz,5/17/2024,302-719-9686,233
383,4/4/2024,6,pending,Christean Jewsbury,cjewsburyam@facebook.com,1/23/2021,456-516-1711,249
384,10/7/2020,4,completed,Madelaine Ingrem,mingreman@oaic.gov.au,4/8/2023,561-300-7819,20
385,7/6/2026,2,completed,Shandra Blenkhorn,sblenkhornao@wunderground.com,12/3/2025,486-546-8816,302
386,6/12/2025,3,completed,Giacomo Chipping,gchippingap@sciencedirect.com,7/20/2021,603-279-7037,429
387,6/21/2025,5,pending,Germaine Gallimore,ggallimoreaq@istockphoto.com,4/8/2021,440-117-9646,430
388,7/5/2021,4,active,Clarey Crombie,ccrombiear@mac.com,7/13/2026,863-545-6336,11
389,4/24/2025,3,completed,Ches Rait,craitas@hhs.gov,6/10/2026,336-322-7571,10
390,11/7/2025,2,pending,Kenyon Fallen,kfallenat@engadget.com,1/26/2021,290-749-5371,195
391,6/19/2026,4,completed,Rutter Ruspine,rruspineau@seesaa.net,1/1/2024,687-305-6667,374
392,2/16/2024,6,completed,Matthias Benasik,mbenasikav@telegraph.co.uk,9/26/2020,623-672-7332,322
393,5/21/2023,3,completed,Letta Ewin,lewinaw@arizona.edu,10/1/2020,773-642-5519,468
394,8/28/2023,3,pending,Bernhard Treswell,btreswellax@goo.gl,7/6/2020,734-719-1787,71
395,6/11/2020,1,completed,Toby Zmitruk,tzmitrukay@e-recht24.de,10/6/2021,532-464-4352,218
396,1/5/2020,3,pending,Lira Benian,lbenianaz@trellian.com,11/26/2023,401-803-4676,168
397,6/25/2020,3,active,Terza Ceschini,tceschinib0@wordpress.com,3/8/2026,357-289-1189,354
398,1/10/2025,5,pending,Harriott Bellie,hbellieb1@godaddy.com,7/18/2020,349-500-9389,180
399,1/17/2022,1,pending,Alvy Marlor,amarlorb2@amazon.com,2/6/2024,589-313-7411,475
400,3/23/2021,1,completed,Julina Rout,jroutb3@moonfruit.com,5/22/2021,898-707-7328,304
401,3/4/2025,4,pending,Jackelyn Eliet,jelietb4@freewebs.com,5/31/2024,576-501-1266,89
402,2/13/2022,4,pending,Kim Tupie,ktupieb5@nydailynews.com,8/25/2024,148-206-8919,267
403,3/18/2022,5,completed,Thebault Swinbourne,tswinbourneb6@google.es,3/11/2022,132-483-1462,413
404,9/25/2022,1,active,Bail Selwin,bselwinb7@mayoclinic.com,12/3/2021,952-634-1652,179
405,4/4/2026,6,completed,Moina O'Daly,modalyb8@1688.com,3/23/2021,735-181-4096,129
406,3/22/2021,6,active,Briney Britnell,bbritnellb9@nasa.gov,8/27/2020,268-954-1864,243
407,4/24/2021,3,completed,Adey Garnar,agarnarba@noaa.gov,9/6/2025,276-275-8256,418
408,5/18/2022,1,pending,Dougie Waggett,dwaggettbb@nsw.gov.au,8/22/2022,199-723-2699,419
409,8/22/2025,1,pending,Tirrell Crosson,tcrossonbc@tiny.cc,3/12/2021,413-179-2212,166
410,10/28/2024,2,active,Constantina Bricham,cbrichambd@fc2.com,11/25/2021,501-905-8856,256
411,7/9/2024,2,completed,Estelle Beel,ebeelbe@elegantthemes.com,6/3/2026,456-149-7202,195
412,12/2/2022,6,completed,Oralee McFfaden,omcffadenbf@geocities.com,6/8/2022,748-889-1131,157
413,2/6/2025,2,pending,Ericka Zebedee,ezebedeebg@php.net,2/28/2022,621-510-6482,422
414,10/10/2021,5,completed,Morgen Rowcliffe,mrowcliffebh@tumblr.com,2/9/2023,487-985-9346,57
415,12/21/2024,3,completed,Royall McAviy,rmcaviybi@rediff.com,3/19/2021,981-130-6894,150
416,3/19/2024,1,pending,Valeda Tytherton,vtythertonbj@amazonaws.com,11/13/2026,769-997-0857,33
417,11/7/2026,1,active,Gareth Berthelet,gbertheletbk@taobao.com,2/13/2021,710-293-4805,268
418,10/7/2020,3,active,Joey Dangl,jdanglbl@tuttocitta.it,3/20/2022,340-707-7835,328
419,10/26/2026,2,completed,Guthry Bernollet,gbernolletbm@baidu.com,3/7/2021,803-349-2087,127
420,9/2/2025,5,pending,Lisa Hammerton,lhammertonbn@163.com,12/3/2021,879-157-3461,11
421,10/24/2020,1,completed,Jillane Galletly,jgalletlybo@ebay.com,4/4/2024,124-624-0501,144
422,8/20/2020,3,active,Chaim Bidewell,cbidewellbp@youku.com,3/25/2024,108-219-4423,302
423,11/13/2021,5,active,Annissa Cornils,acornilsbq@google.com.br,10/12/2022,244-851-5244,492
424,4/11/2025,4,pending,Kerr Luker,klukerbr@quantcast.com,4/19/2025,166-676-3877,229
425,1/14/2024,4,completed,Olvan Brea,obreabs@hexun.com,3/13/2026,342-868-1885,237
426,4/9/2026,4,pending,Beck Tebbut,btebbutbt@xing.com,2/1/2020,357-531-8646,220
427,11/26/2025,5,active,Hermia Lottrington,hlottringtonbu@oracle.com,9/5/2026,546-781-2601,115
428,8/12/2022,6,active,Eberto Llewellyn,ellewellynbv@about.me,5/31/2022,424-284-4368,183
429,4/21/2023,1,active,Annecorinne Laity,alaitybw@virginia.edu,6/7/2021,191-368-2808,438
430,4/22/2026,1,active,Evangelia Louden,eloudenbx@vk.com,11/21/2023,243-214-5894,484
431,4/10/2021,5,completed,Daisy Teck,dteckby@statcounter.com,9/3/2026,521-342-1872,104
432,3/28/2020,2,pending,Enrica Giacomazzo,egiacomazzobz@about.me,3/12/2022,769-135-8812,186
433,6/1/2024,6,completed,Wilfred Fake,wfakec0@nih.gov,7/26/2023,821-935-7351,296
434,1/23/2026,5,completed,Eleonora Tunaclift,etunacliftc1@indiatimes.com,10/12/2022,348-561-8546,13
435,2/7/2026,1,active,Vivianne Calterone,vcalteronec2@goo.gl,7/27/2020,786-695-3502,284
436,11/21/2024,2,pending,Laughton Baudinelli,lbaudinellic3@chron.com,11/4/2024,617-333-9382,500
437,5/7/2021,2,pending,Rona Vaun,rvaunc4@360.cn,11/16/2022,874-331-2731,284
438,5/16/2022,2,active,Caro Fuidge,cfuidgec5@ask.com,9/11/2020,759-408-3820,69
439,8/22/2023,3,completed,Patrica Caulkett,pcaulkettc6@blog.com,12/27/2022,593-308-5663,89
440,2/18/2025,2,pending,Polly Roscrigg,proscriggc7@istockphoto.com,12/17/2021,914-596-5758,430
441,11/26/2022,5,pending,Eula Rutherfoord,erutherfoordc8@ftc.gov,3/19/2024,511-363-9318,370
442,9/25/2021,4,active,Lita Zorer,lzorerc9@discuz.net,6/3/2022,326-707-8503,224
443,3/21/2023,4,completed,Lorrin Corradetti,lcorradettica@bing.com,12/12/2022,396-432-2441,223
444,10/23/2026,6,pending,Cosmo Jallin,cjallincb@storify.com,2/5/2022,774-209-7844,123
445,2/2/2021,1,pending,Zebulon Housin,zhousincc@shinystat.com,12/28/2022,361-297-6679,301
446,6/10/2025,3,pending,Lissa Whitchurch,lwhitchurchcd@patch.com,2/25/2022,259-973-8760,261
447,2/21/2021,1,active,Natasha Simonassi,nsimonassice@fotki.com,2/9/2020,645-639-9545,88
448,4/22/2024,4,pending,Roger Didball,rdidballcf@miitbeian.gov.cn,3/3/2022,636-716-1079,283
449,4/26/2024,2,completed,Guenevere Exroll,gexrollcg@jalbum.net,2/5/2023,638-482-9207,201
450,12/11/2020,2,pending,Kimberley Servante,kservantech@kickstarter.com,3/24/2023,750-990-1977,86
451,6/21/2025,5,completed,Luis Maycock,lmaycockci@bandcamp.com,7/12/2022,559-312-5767,293
452,12/19/2022,5,completed,Giselbert Gauvin,ggauvincj@symantec.com,1/2/2025,806-856-0595,413
453,11/20/2025,4,pending,Steven Hayward,shaywardck@weibo.com,11/21/2022,534-802-2116,373
454,5/13/2026,2,completed,Baxie Lebarree,blebarreecl@aboutads.info,3/18/2023,631-325-0316,422
455,5/26/2022,4,active,Gregorius O'Howbane,gohowbanecm@upenn.edu,8/27/2024,652-746-0885,47
456,8/19/2026,1,completed,Nola Forde,nfordecn@facebook.com,4/30/2024,668-261-2528,22
457,1/31/2022,6,completed,Jonie Laydel,jlaydelco@sakura.ne.jp,3/25/2024,858-253-8099,279
458,6/30/2026,2,active,Aland Ivanets,aivanetscp@joomla.org,11/2/2026,175-184-6759,303
459,3/21/2021,6,active,Phyllis Izkovici,pizkovicicq@usatoday.com,11/3/2022,981-667-3614,334
460,9/13/2026,4,pending,Berenice Sarfati,bsarfaticr@sina.com.cn,10/12/2021,525-122-5163,114
461,8/14/2022,4,active,Carey Trimnell,ctrimnellcs@time.com,10/16/2023,635-263-0551,47
462,5/24/2026,5,pending,Kirsten Comini,kcominict@hugedomains.com,12/5/2022,726-529-2548,35
463,8/28/2023,4,pending,Farra Seares,fsearescu@aboutads.info,1/3/2021,594-118-5214,212
464,1/16/2026,3,completed,Johnathan Izacenko,jizacenkocv@e-recht24.de,5/4/2024,311-357-5730,408
465,12/14/2021,5,pending,De Glasard,dglasardcw@t.co,5/7/2023,616-859-7605,389
466,1/1/2025,6,active,Crawford Hampe,champecx@blinklist.com,7/4/2022,822-312-9022,32
467,2/19/2023,5,completed,Inessa Schoenfisch,ischoenfischcy@omniture.com,1/11/2021,923-515-3825,293
468,4/18/2022,2,completed,Frederique Imorts,fimortscz@indiatimes.com,2/11/2022,515-675-9222,450
469,12/4/2025,4,completed,Winnie Bunyard,wbunyardd0@cdc.gov,1/24/2021,709-108-2442,281
470,11/29/2022,3,pending,Sheryl Gainseford,sgainsefordd1@php.net,10/20/2025,146-134-8835,126
471,10/21/2020,1,completed,Vittorio Merwood,vmerwoodd2@yellowpages.com,12/1/2026,454-631-6477,325
472,2/5/2023,6,pending,Edgard Cometson,ecometsond3@howstuffworks.com,2/22/2020,667-599-8746,61
473,5/2/2024,6,active,Jessy Beadon,jbeadond4@stanford.edu,12/14/2022,215-171-4445,42
474,6/29/2021,2,pending,Art Spick,aspickd5@ted.com,11/11/2024,183-519-4898,17
475,3/7/2025,5,pending,Garvy Spaldin,gspaldind6@msu.edu,10/29/2024,925-821-2567,209
476,5/12/2026,3,pending,Electra Mathers,emathersd7@upenn.edu,6/15/2025,771-609-6908,185
477,6/16/2020,1,pending,Cathe Watton,cwattond8@nba.com,7/1/2021,723-312-4096,411
478,2/13/2022,3,completed,Tilda Rowswell,trowswelld9@4shared.com,9/27/2023,790-217-7872,332
479,8/29/2021,4,completed,Pamelina Boucher,pboucherda@nba.com,8/28/2026,601-993-9100,76
480,9/15/2024,6,completed,Luciano Lusher,llusherdb@typepad.com,12/18/2023,443-549-8696,95
481,9/9/2024,3,pending,Allissa Newbatt,anewbattdc@ted.com,3/24/2026,814-942-0953,419
482,11/12/2021,6,pending,Binni Slowley,bslowleydd@bluehost.com,3/11/2022,801-884-7223,97
483,4/8/2023,6,completed,Marrissa Duchant,mduchantde@opensource.org,12/22/2022,113-255-2917,360
484,8/8/2020,2,completed,Hilary Bransdon,hbransdondf@nih.gov,8/26/2026,346-809-4205,95
485,11/1/2024,6,completed,Karyn Edgington,kedgingtondg@ehow.com,6/13/2023,429-876-4394,392
486,5/23/2022,6,active,Myrna Greber,mgreberdh@miitbeian.gov.cn,7/20/2025,895-139-7638,269
487,9/8/2020,1,completed,Ali D'Arrigo,adarrigodi@ft.com,11/10/2022,840-892-5206,294
488,3/5/2026,4,completed,Dniren Robison,drobisondj@fastcompany.com,5/24/2024,621-808-2625,32
489,8/25/2025,1,pending,Holly-anne Muslim,hmuslimdk@tumblr.com,11/1/2024,299-449-9946,8
490,5/2/2020,3,active,Bertrand Chipping,bchippingdl@hp.com,5/17/2026,912-338-6938,191
491,2/2/2020,3,completed,Gilbertina Dimeloe,gdimeloedm@theglobeandmail.com,2/25/2025,757-124-7527,426
492,4/4/2025,1,pending,Nevins Giotto,ngiottodn@stanford.edu,5/11/2026,624-806-1268,87
493,6/17/2020,3,pending,Cassius Slocomb,cslocombdo@google.pl,3/10/2025,855-438-3083,214
494,8/22/2026,6,completed,Marietta Kettlesting,mkettlestingdp@lulu.com,8/11/2025,793-152-6754,110
495,7/15/2022,5,active,Candide Dobble,cdobbledq@craigslist.org,1/29/2026,393-632-3163,101
496,2/25/2026,2,active,Clarissa Saywell,csaywelldr@cargocollective.com,12/22/2023,924-459-6869,120
497,7/27/2023,6,completed,Elane Piffe,epiffeds@marketwatch.com,3/26/2020,932-596-7807,286
498,3/18/2022,2,completed,Zelma Tilzey,ztilzeydt@engadget.com,3/3/2021,925-682-1867,102
499,4/22/2025,2,completed,Cacilie Charrisson,ccharrissondu@si.edu,12/12/2023,916-818-4613,138
500,12/15/2023,6,pending,Dael Bettanay,dbettanaydv@meetup.com,8/6/2021,599-726-5994,269
501,12/18/2024,5,pending,Borden Dalglish,bdalglishdw@umn.edu,3/31/2020,868-384-7626,114
502,10/7/2026,2,pending,Honoria Julien,hjuliendx@ning.com,2/11/2020,853-971-4648,360
503,6/1/2023,5,active,Orville Dobbing,odobbingdy@xinhuanet.com,8/14/2026,576-743-5412,130
504,11/2/2022,6,pending,Andy Stockall,astockalldz@wired.com,6/6/2026,668-580-4825,158
505,6/10/2026,4,completed,Hunt Joseff,hjoseffe0@dropbox.com,7/18/2021,213-732-2501,161
506,10/2/2022,1,active,Benji Merwede,bmerwedee1@123-reg.co.uk,4/1/2020,364-862-4787,37
507,5/17/2026,6,completed,Natka Odcroft,nodcrofte2@cmu.edu,7/31/2020,428-321-5283,282
508,2/8/2024,6,active,Northrup Josupeit,njosupeite3@i2i.jp,10/15/2024,434-251-5827,116
509,12/3/2024,1,completed,Amber Goodding,agooddinge4@google.cn,10/2/2025,304-286-3513,263
510,1/24/2024,4,completed,Iolande Chadderton,ichaddertone5@chicagotribune.com,10/26/2026,789-119-1636,197
511,4/29/2025,2,completed,Rozelle Hallbord,rhallborde6@earthlink.net,4/21/2023,889-245-9769,14
512,11/29/2022,1,completed,Bradly Arnaut,barnaute7@economist.com,5/11/2025,518-989-0726,254
513,2/3/2024,4,pending,Verne Crew,vcrewe8@nhs.uk,11/21/2025,443-831-0340,383
514,11/19/2024,6,pending,Alison Itschakov,aitschakove9@etsy.com,9/1/2025,388-740-3608,331
515,8/23/2021,3,pending,Carolan Ledster,cledsterea@free.fr,3/21/2020,417-698-2272,231
516,6/27/2021,2,pending,Carlynn Drewery,cdreweryeb@oakley.com,5/18/2020,786-866-4309,120
517,7/20/2026,6,active,Bertine Mawd,bmawdec@archive.org,7/16/2024,447-317-4368,179
518,4/18/2021,3,completed,Gardy MacKonochie,gmackonochieed@google.co.jp,7/14/2021,172-998-8992,91
519,10/23/2022,6,completed,Clair Meiklejohn,cmeiklejohnee@google.ca,2/5/2024,875-600-3620,140
520,9/12/2023,4,active,Pierre Paxman,ppaxmanef@theguardian.com,11/23/2025,109-654-8588,285
521,9/9/2026,3,pending,Dasi De Bruin,ddeeg@so-net.ne.jp,8/21/2020,898-904-1040,158
522,9/13/2023,1,active,Janeva Edmonds,jedmondseh@dell.com,12/16/2022,422-358-8770,10
523,7/20/2020,3,active,Titus Waggatt,twaggattei@comsenz.com,3/26/2022,905-151-8292,122
524,9/23/2020,5,pending,Palm Lemerie,plemerieej@wikispaces.com,5/17/2022,418-183-6967,300
525,9/1/2022,3,pending,Faunie Glasheen,fglasheenek@google.ca,1/16/2020,884-431-0471,366
526,7/1/2022,3,pending,Davide Gilbanks,dgilbanksel@naver.com,12/22/2026,653-522-7328,253
527,4/2/2023,4,pending,Gerty McCowan,gmccowanem@4shared.com,12/5/2024,682-354-7978,326
528,9/17/2023,3,active,Stacy Scogings,sscogingsen@purevolume.com,7/25/2024,918-347-0414,320
529,11/2/2024,6,active,Addi Ahrenius,aahreniuseo@a8.net,7/14/2021,639-822-9454,256
530,12/30/2021,6,completed,Nevil Puncher,npuncherep@posterous.com,3/16/2023,554-917-3787,194
531,1/11/2024,5,completed,Nickolai Mulryan,nmulryaneq@jimdo.com,12/1/2022,643-433-3130,70
532,9/4/2023,1,active,Loutitia Chipp,lchipper@wiley.com,10/9/2026,784-259-2466,325
533,7/13/2023,3,active,Fifi Sheard,fsheardes@free.fr,6/15/2020,355-818-1815,421
534,9/19/2022,1,active,Milton Kybird,mkybirdet@indiatimes.com,2/5/2024,348-955-4778,180
535,2/12/2022,3,pending,Dyanna Roylance,droylanceeu@eventbrite.com,10/1/2021,639-220-6774,45
536,8/8/2023,4,pending,Henka Eayrs,heayrsev@howstuffworks.com,8/16/2022,383-323-4731,50
537,1/19/2026,2,completed,Miriam Strathearn,mstrathearnew@over-blog.com,6/15/2021,171-139-4590,117
538,8/12/2025,1,completed,Bertrando Boissieux,bboissieuxex@accuweather.com,9/17/2025,360-498-5894,235
539,11/11/2026,2,active,Leodora Miranda,lmirandaey@hud.gov,3/31/2026,868-624-0307,38
540,5/16/2022,1,active,Bondon O'Dowgaine,bodowgaineez@patch.com,8/4/2026,655-303-1934,28
541,11/10/2023,3,pending,Cordey Pulteneye,cpulteneyef0@phoca.cz,6/6/2024,130-184-4803,426
542,4/19/2020,1,completed,Coraline Flowers,cflowersf1@bbc.co.uk,11/20/2022,299-633-9949,44
543,4/11/2026,5,completed,Godfrey Titcomb,gtitcombf2@prlog.org,10/18/2022,248-370-1597,269
544,3/25/2025,4,pending,Eulalie Twelves,etwelvesf3@ning.com,10/10/2023,511-266-4345,233
545,2/1/2020,4,pending,Dory Kevlin,dkevlinf4@bloglovin.com,5/8/2020,296-902-4616,221
546,10/27/2021,1,active,Zsazsa MacNeish,zmacneishf5@pcworld.com,6/8/2020,998-276-3570,28
547,11/12/2023,1,active,Drucy Dinkin,ddinkinf6@ihg.com,9/26/2022,734-905-0133,268
548,9/30/2025,3,active,Thane Gillcrist,tgillcristf7@myspace.com,2/9/2023,610-103-9738,177
549,11/5/2021,5,completed,Reilly Moy,rmoyf8@independent.co.uk,6/7/2024,760-882-8599,214
550,8/5/2023,5,pending,Freddy Braiden,fbraidenf9@adobe.com,5/30/2021,839-792-2537,166
551,2/6/2022,3,pending,Abbe Poat,apoatfa@bbc.co.uk,12/3/2022,111-168-9720,460
552,11/9/2021,6,pending,Laurie Broggelli,lbroggellifb@ted.com,10/8/2025,173-619-4662,63
553,12/10/2021,4,active,Edee Ricardon,ericardonfc@example.com,12/15/2025,692-311-1533,323
554,10/31/2024,2,active,Eldredge Cowdroy,ecowdroyfd@europa.eu,8/21/2020,677-992-5177,196
555,8/15/2020,1,pending,Gene Bigley,gbigleyfe@wsj.com,5/14/2022,789-726-7333,474
556,8/23/2022,1,completed,Bink Dundridge,bdundridgeff@auda.org.au,6/4/2025,247-315-8581,301
557,8/11/2021,1,pending,Thorsten Armstead,tarmsteadfg@blogs.com,3/7/2023,663-978-1063,76
558,1/24/2024,3,active,Vonnie Robarts,vrobartsfh@etsy.com,11/16/2021,802-838-8045,97
559,1/21/2024,6,active,Pegeen MacCoughen,pmaccoughenfi@flickr.com,9/30/2026,312-134-1924,416
560,4/12/2025,4,pending,Palmer Muckian,pmuckianfj@home.pl,3/7/2023,508-206-3155,215
561,6/21/2023,5,pending,Fredia Ham,fhamfk@ebay.com,3/17/2025,255-162-1058,224
562,3/30/2021,5,pending,Brody Livingstone,blivingstonefl@arizona.edu,5/13/2024,945-308-5649,77
563,5/29/2021,6,active,Roxanna Petow,rpetowfm@fc2.com,1/23/2020,832-743-1261,419
564,2/20/2024,1,active,Noelani MacLucais,nmaclucaisfn@lycos.com,10/27/2025,310-886-0576,204
565,5/2/2025,2,pending,Jinny Taillard,jtaillardfo@friendfeed.com,8/6/2025,647-958-6330,423
566,1/30/2024,6,pending,Estella Giovannelli,egiovannellifp@psu.edu,5/27/2022,536-997-7977,379
567,2/11/2024,1,active,Drucy Squirrell,dsquirrellfq@xrea.com,8/20/2023,267-487-7027,296
568,1/31/2020,2,completed,Constantin Bartoloma,cbartolomafr@deliciousdays.com,12/7/2021,733-308-0556,309
569,8/15/2023,3,pending,Gorden Eskell,geskellfs@yahoo.com,4/22/2025,251-201-8151,363
570,9/13/2023,5,completed,Darin Trynor,dtrynorft@exblog.jp,3/7/2021,209-344-6639,127
571,11/23/2024,4,pending,Edin Dorton,edortonfu@cargocollective.com,12/22/2022,360-801-6451,238
572,7/8/2026,3,pending,Luther Eadmead,leadmeadfv@cbc.ca,1/1/2021,164-651-7501,177
573,4/13/2026,3,completed,Elfie Pareman,eparemanfw@youtu.be,8/23/2022,155-228-0349,154
574,10/22/2022,3,pending,Germain Welldrake,gwelldrakefx@telegraph.co.uk,8/10/2021,288-730-8890,200
575,3/13/2021,4,completed,Laurice Dagwell,ldagwellfy@google.co.uk,1/30/2024,988-627-0074,323
576,6/16/2025,5,completed,Lissa Jentzsch,ljentzschfz@spiegel.de,6/8/2024,603-942-9228,328
577,9/3/2021,3,pending,Brynn Abbets,babbetsg0@google.cn,5/19/2021,893-971-6415,318
578,11/16/2026,2,active,Wyatan Boichat,wboichatg1@e-recht24.de,10/6/2026,703-620-2805,156
579,11/7/2021,5,pending,Corrianne Springer,cspringerg2@ovh.net,11/4/2024,339-355-5929,399
580,9/19/2022,5,pending,Briana Sloss,bslossg3@apache.org,6/23/2021,651-614-7509,130
581,12/15/2020,2,completed,Mia Norkett,mnorkettg4@meetup.com,7/21/2020,764-403-8742,332
582,8/28/2021,3,pending,Jane Ferrao,jferraog5@yolasite.com,9/6/2020,278-715-2145,231
583,6/13/2022,4,pending,Amil Sherrington,asherringtong6@discuz.net,8/30/2020,706-361-3951,310
584,4/17/2020,6,pending,Anica Connal,aconnalg7@hatena.ne.jp,2/9/2021,159-693-3759,47
585,11/3/2025,3,active,Thaxter Greep,tgreepg8@java.com,4/11/2022,306-699-8456,43
586,7/21/2022,6,pending,Stearn Tortoishell,stortoishellg9@irs.gov,7/21/2022,785-956-6683,466
587,9/13/2022,4,active,Garth Branscomb,gbranscombga@pcworld.com,6/13/2025,384-976-1082,357
588,11/21/2022,6,pending,Trever Amner,tamnergb@mozilla.org,11/26/2025,354-589-4870,319
589,7/28/2026,4,pending,Guillemette Habble,ghabblegc@blog.com,4/2/2024,281-787-1150,109
590,5/21/2022,2,pending,Ardith Korneichik,akorneichikgd@phpbb.com,11/24/2021,643-513-7863,313
591,9/13/2025,2,pending,Hirsch Easby,heasbyge@elegantthemes.com,1/4/2022,853-656-0917,209
592,3/13/2020,3,active,Urbano Goldster,ugoldstergf@123-reg.co.uk,5/8/2026,247-200-6536,473
593,7/21/2024,1,pending,Cory Merveille,cmerveillegg@google.co.uk,7/27/2022,402-744-1788,297
594,12/30/2020,2,pending,Camila Mildenhall,cmildenhallgh@wufoo.com,1/18/2021,721-826-2343,317
595,8/27/2023,3,active,Lewiss Beebe,lbeebegi@discuz.net,8/10/2022,376-735-7285,283
596,2/23/2023,5,completed,Ginger Dandy,gdandygj@symantec.com,7/6/2023,871-186-4469,21
597,10/22/2020,2,active,Roze Verrier,rverriergk@istockphoto.com,1/20/2020,910-323-4350,30
598,3/4/2025,4,active,Deb Antoniou,dantoniougl@yolasite.com,6/30/2021,155-915-4798,278
599,9/10/2026,4,active,Valerie Strippel,vstrippelgm@tamu.edu,8/15/2025,799-847-9361,130
600,11/5/2025,2,active,Lorrie Linwood,llinwoodgn@dot.gov,7/18/2022,881-546-4833,37
601,7/27/2022,5,active,Traci Hubert,thubertgo@tmall.com,12/1/2025,929-307-5271,26
602,2/3/2022,2,active,Joelly Cremen,jcremengp@java.com,12/23/2024,976-137-1833,328
603,8/8/2020,2,completed,Leupold Trenbay,ltrenbaygq@altervista.org,10/27/2022,434-976-1989,266
604,3/20/2025,6,completed,Christiana Leask,cleaskgr@rakuten.co.jp,11/30/2025,928-875-1997,488
605,6/9/2026,5,pending,Reinold Vannuchi,rvannuchigs@usda.gov,6/17/2021,995-625-6560,37
606,7/29/2024,3,completed,Mil Eagland,meaglandgt@gmpg.org,10/28/2022,305-808-6746,445
607,9/20/2026,1,active,Hanni France,hfrancegu@thetimes.co.uk,10/8/2022,233-652-0426,319
608,8/22/2023,3,active,Aile Moxstead,amoxsteadgv@phoca.cz,4/17/2023,815-147-1374,175
609,8/13/2020,2,pending,Kayla Dundin,kdundingw@time.com,1/14/2026,411-928-6746,465
610,12/15/2022,5,active,Terri-jo Northin,tnorthingx@ucoz.com,2/28/2026,216-481-1752,160
611,12/4/2020,5,completed,Leandra Fouracre,lfouracregy@barnesandnoble.com,10/30/2024,768-696-3072,342
612,10/24/2021,1,completed,Weston Marunchak,wmarunchakgz@arizona.edu,2/12/2022,354-143-2208,31
613,1/7/2023,6,active,Kelli Feedham,kfeedhamh0@pbs.org,2/21/2023,401-680-0602,353
614,11/1/2021,2,completed,Langsdon Anwell,lanwellh1@dell.com,7/27/2026,534-710-3195,44
615,4/6/2023,3,active,Seumas Furzer,sfurzerh2@unesco.org,9/21/2020,183-503-4034,394
616,8/17/2022,3,pending,Darrelle Skeldon,dskeldonh3@dagondesign.com,12/10/2026,824-915-7162,429
617,2/4/2025,2,active,Ines Towsie,itowsieh4@ftc.gov,1/24/2022,111-502-9308,394
618,2/4/2023,1,active,Xylia Mirams,xmiramsh5@gmpg.org,8/15/2022,747-964-2660,474
619,5/28/2021,1,active,Ericha Genty,egentyh6@jugem.jp,10/4/2023,387-926-4242,163
620,10/29/2024,4,pending,Brewer Ducker,bduckerh7@theguardian.com,6/17/2022,836-139-7729,119
621,7/12/2024,3,pending,Collette Kaveney,ckaveneyh8@phpbb.com,6/19/2021,357-809-5187,215
622,4/8/2026,4,active,Chrissie Mixter,cmixterh9@jimdo.com,9/2/2020,802-880-5952,105
623,11/3/2026,5,pending,Natalee Reiners,nreinersha@thetimes.co.uk,12/26/2026,336-154-3097,226
624,1/24/2025,6,pending,Gris Whear,gwhearhb@delicious.com,10/20/2020,668-565-2354,106
625,10/26/2020,2,completed,Dulcinea Towhey,dtowheyhc@latimes.com,11/19/2023,971-880-8868,269
626,11/17/2022,5,completed,Alair Legh,aleghhd@miitbeian.gov.cn,9/24/2020,815-975-3040,23
627,4/9/2021,6,pending,Ange Seaman,aseamanhe@moonfruit.com,6/24/2024,491-698-8743,382
628,12/5/2025,3,completed,Harwell Grzelewski,hgrzelewskihf@networksolutions.com,12/1/2020,890-133-1876,345
629,6/9/2020,3,pending,Anya Soreau,asoreauhg@bing.com,5/25/2024,743-747-6027,469
630,2/27/2021,2,pending,Gui Riepl,grieplhh@imdb.com,10/4/2026,319-202-8373,259
631,8/20/2020,6,completed,Lawton Bonefant,lbonefanthi@vistaprint.com,11/20/2024,253-667-2802,319
632,7/1/2022,2,active,Moira Pinkard,mpinkardhj@google.de,1/25/2026,505-720-2721,263
633,8/25/2020,2,completed,Sherie Bolf,sbolfhk@wikia.com,9/2/2025,995-147-1980,459
634,10/9/2022,1,completed,Aube Nelthorp,anelthorphl@uol.com.br,4/16/2025,343-456-2449,121
635,6/25/2025,6,active,Gabrielle Mason,gmasonhm@mozilla.org,10/10/2024,507-823-4418,296
636,12/9/2026,6,active,Inigo Ourry,iourryhn@wikispaces.com,7/13/2023,954-224-5388,454
637,5/29/2022,5,pending,Noland Thornewill,nthornewillho@blogger.com,11/16/2026,737-506-3756,250
638,10/2/2020,4,active,Tirrell Hasted,thastedhp@google.nl,4/11/2021,549-757-6975,368
639,6/6/2020,1,pending,Bram Mazillius,bmazilliushq@drupal.org,11/17/2025,361-485-0571,338
640,10/13/2020,3,active,Debbi Blades,dbladeshr@economist.com,4/24/2024,847-410-1980,283
641,1/21/2022,4,active,Abie Boecke,aboeckehs@auda.org.au,4/13/2023,240-486-1301,364
642,10/13/2020,3,completed,Casper Dagon,cdagonht@hostgator.com,8/6/2026,318-740-3047,296
643,9/26/2025,1,active,Agnella McWhinnie,amcwhinniehu@php.net,7/12/2021,710-321-6689,403
644,8/27/2026,4,active,Griswold Castangia,gcastangiahv@cargocollective.com,6/4/2024,857-469-1975,361
645,12/22/2025,2,completed,Gwennie Coode,gcoodehw@exblog.jp,8/22/2023,732-520-6447,445
646,7/25/2024,3,completed,Tarah Paten,tpatenhx@phpbb.com,5/27/2021,566-920-1034,177
647,9/20/2025,6,active,Keriann Bohills,kbohillshy@tripod.com,12/10/2021,985-190-6455,37
648,6/9/2020,5,active,Clair Belderfield,cbelderfieldhz@guardian.co.uk,3/30/2020,422-992-3688,2
649,3/12/2021,1,active,Dareen Radbourne,dradbournei0@infoseek.co.jp,12/18/2020,216-148-1529,497
650,2/23/2024,6,pending,Luisa Gheerhaert,lgheerhaerti1@army.mil,6/23/2020,904-927-7111,200
651,1/28/2021,5,active,Brina Antoney,bantoneyi2@china.com.cn,8/14/2023,260-334-1937,101
652,11/12/2026,3,pending,Ronica Keemar,rkeemari3@pinterest.com,8/13/2023,842-519-5944,327
653,7/21/2022,5,active,Alikee De Anesy,adei4@yellowpages.com,2/19/2021,626-199-2411,227
654,10/14/2021,6,active,Chelsea Singh,csinghi5@unicef.org,9/9/2023,240-198-5065,151
655,5/24/2026,2,active,Felicity Beardshall,fbeardshalli6@narod.ru,3/9/2026,946-519-4447,188
656,11/18/2024,5,active,Monika Alsford,malsfordi7@cisco.com,6/2/2022,206-705-9664,361
657,12/23/2023,4,pending,Catrina Johnikin,cjohnikini8@fotki.com,3/23/2024,508-367-5374,117
658,11/10/2020,4,completed,Levin Lycett,llycetti9@vk.com,8/28/2025,298-311-4834,49
659,8/15/2026,6,active,Teodor Dmtrovic,tdmtrovicia@symantec.com,6/15/2020,164-223-9297,312
660,5/13/2023,3,pending,Hermina Foch,hfochib@businessweek.com,6/1/2023,978-428-0887,149
661,8/12/2024,4,pending,Phip D'Aeth,pdaethic@unicef.org,7/20/2025,715-935-7885,371
662,7/28/2023,4,active,Abran Eneas,aeneasid@smugmug.com,4/23/2022,974-813-7510,270
663,2/14/2025,6,pending,Vonni Harley,vharleyie@elegantthemes.com,8/25/2024,174-614-0768,119
664,12/2/2020,1,completed,Ignazio Rapinett,irapinettif@pen.io,7/19/2025,215-352-8238,281
665,11/18/2023,3,pending,Cozmo Treneer,ctreneerig@issuu.com,3/5/2021,419-894-9931,372
666,1/6/2022,2,active,Derby Isworth,disworthih@list-manage.com,4/28/2023,101-439-7630,244
667,12/11/2023,4,pending,Trumann Rilston,trilstonii@w3.org,12/27/2023,742-976-6396,320
668,6/21/2023,3,completed,Devon Owens,dowensij@addtoany.com,7/2/2023,631-477-0629,310
669,12/6/2023,6,pending,Babbette Blewis,bblewisik@paypal.com,5/4/2025,525-883-7596,156
670,1/29/2022,5,completed,Lionello De Maria,ldeil@illinois.edu,5/20/2023,938-842-9093,382
671,1/14/2021,4,completed,Francesca Lyptrit,flyptritim@ocn.ne.jp,1/23/2024,636-682-6469,235
672,1/27/2026,5,pending,Joshia Grimstead,jgrimsteadin@ow.ly,9/23/2021,122-752-0959,366
673,7/24/2024,3,active,Cyril Durnford,cdurnfordio@google.ca,12/3/2021,889-989-2166,336
674,8/29/2024,6,pending,Celeste Taffee,ctaffeeip@sitemeter.com,10/8/2024,749-247-5951,318
675,12/29/2023,5,active,Cleopatra Giaomozzo,cgiaomozzoiq@gnu.org,1/1/2026,987-457-3509,2
676,5/30/2020,2,completed,Dean Longhorne,dlonghorneir@java.com,11/27/2026,227-721-7204,342
677,7/23/2026,2,completed,Jilleen Jobson,jjobsonis@163.com,1/5/2025,722-758-0758,436
678,5/6/2024,4,active,Perkin Bakewell,pbakewellit@nationalgeographic.com,2/26/2020,397-214-3098,475
679,9/4/2023,3,completed,Brunhilde Trousdale,btrousdaleiu@who.int,9/19/2025,899-685-0575,399
680,10/28/2025,4,pending,Rollo Angel,rangeliv@thetimes.co.uk,7/29/2024,930-971-1278,387
681,10/6/2021,6,active,Ailene Satterfitt,asatterfittiw@aboutads.info,10/29/2024,489-474-9512,124
682,10/31/2022,4,pending,Nanete Rathmell,nrathmellix@whitehouse.gov,9/28/2021,331-786-7474,433
683,8/28/2021,5,pending,Elianore Rostron,erostroniy@usnews.com,8/12/2022,998-292-5019,302
684,4/21/2025,1,active,Alfie Backshell,abackshelliz@shinystat.com,3/3/2022,809-761-8110,173
685,3/1/2026,3,pending,Evangelia Smedmoor,esmedmoorj0@so-net.ne.jp,11/27/2023,454-699-4776,372
686,3/29/2022,1,pending,Glenine Defrain,gdefrainj1@prlog.org,1/25/2020,296-527-8943,293
687,11/27/2024,4,active,Karlyn Tomkys,ktomkysj2@multiply.com,4/1/2021,134-918-9179,235
688,7/21/2021,3,pending,Geneva Leisman,gleismanj3@mediafire.com,9/8/2022,482-720-5341,26
689,3/7/2020,6,active,Terra Jimson,tjimsonj4@newsvine.com,10/12/2023,534-303-7494,91
690,6/26/2021,5,active,Sibel Tutill,stutillj5@example.com,6/15/2020,176-306-8431,44
691,3/25/2024,5,active,Christan Sutcliff,csutcliffj6@epa.gov,12/19/2025,347-555-9411,164
692,9/14/2020,6,completed,Ximenes Spilsted,xspilstedj7@linkedin.com,2/21/2023,387-746-0879,461
693,12/7/2022,6,pending,Rip Caldicott,rcaldicottj8@opensource.org,8/31/2021,698-588-4382,358
694,10/8/2021,3,completed,Emmett Canter,ecanterj9@naver.com,8/22/2026,952-524-4398,382
695,2/16/2023,1,active,Klement Castane,kcastaneja@ft.com,5/31/2023,663-627-1139,368
696,11/7/2022,5,active,Justinn Paton,jpatonjb@typepad.com,5/27/2023,607-965-7777,380
697,2/15/2026,1,active,Minnie Brockwell,mbrockwelljc@virginia.edu,5/1/2023,155-154-1779,78
698,9/22/2021,6,completed,Breena Fuentes,bfuentesjd@blog.com,9/26/2022,767-330-6985,292
699,8/15/2020,6,active,Kristan Puckrin,kpuckrinje@surveymonkey.com,7/5/2021,720-447-6984,51
700,1/24/2022,6,pending,Esta Dodding,edoddingjf@nifty.com,1/15/2024,326-993-2371,478
701,5/17/2021,6,pending,Dulsea McGonnell,dmcgonnelljg@yellowpages.com,2/17/2021,431-208-2639,397
702,4/19/2022,4,pending,Ramsey Ambrose,rambrosejh@springer.com,5/25/2020,809-648-4802,350
703,11/28/2025,3,completed,Lena Misselbrook,lmisselbrookji@bloomberg.com,6/11/2021,991-817-3223,274
704,4/6/2023,2,pending,Clair Hothersall,chothersalljj@tinypic.com,2/23/2024,649-878-1926,316
705,8/5/2021,2,completed,Reynolds Frail,rfrailjk@nifty.com,1/14/2024,463-671-2981,46
706,10/16/2023,4,completed,Alleyn Rolf,arolfjl@ox.ac.uk,9/20/2025,283-843-1043,39
707,8/27/2021,6,completed,Vannie Itzchaky,vitzchakyjm@diigo.com,8/2/2024,856-418-0613,393
708,10/7/2023,2,pending,Esma Pridie,epridiejn@google.fr,1/29/2022,391-636-9719,46
709,9/2/2024,6,active,Giles Casolla,gcasollajo@walmart.com,9/3/2022,680-971-7744,288
710,4/27/2024,6,pending,Colene Breeton,cbreetonjp@time.com,7/6/2025,817-535-0970,181
711,3/2/2023,3,pending,Netty Presho,npreshojq@ning.com,11/11/2024,729-772-2740,86
712,4/18/2025,6,pending,Brose Padillo,bpadillojr@soundcloud.com,5/31/2025,753-810-4387,260
713,9/12/2024,4,completed,Haslett Beesley,hbeesleyjs@hhs.gov,12/10/2023,246-109-7070,62
714,10/23/2023,6,pending,Arri Faragher,afaragherjt@miitbeian.gov.cn,7/23/2023,691-911-9794,208
715,5/8/2020,3,pending,Gaylord Oliffe,goliffeju@infoseek.co.jp,10/26/2025,730-633-2828,188
716,4/12/2021,6,pending,Bart Picton,bpictonjv@sakura.ne.jp,12/4/2021,143-565-9858,207
717,2/14/2024,3,completed,Morley Shackleford,mshacklefordjw@4shared.com,7/7/2024,545-946-9991,21
718,5/15/2022,4,pending,Duane Furbank,dfurbankjx@yellowpages.com,1/20/2026,395-618-3039,256
719,6/28/2021,1,active,Nikos Goodacre,ngoodacrejy@timesonline.co.uk,5/26/2021,953-928-4472,130
720,4/23/2025,2,pending,Harvey Byllam,hbyllamjz@squarespace.com,1/9/2021,706-793-8919,126
721,7/9/2022,4,active,Margarethe Sclater,msclaterk0@globo.com,7/18/2021,439-458-1926,245
722,10/27/2021,2,active,Jorge Duffield,jduffieldk1@usnews.com,2/14/2020,566-637-4586,95
723,10/19/2026,4,pending,Quentin Bawdon,qbawdonk2@goo.ne.jp,12/24/2025,989-688-7243,71
724,11/24/2021,3,active,Katine Tuiller,ktuillerk3@studiopress.com,11/8/2025,324-297-5068,251
725,11/28/2026,3,active,Kerr Tabor,ktabork4@webnode.com,10/22/2026,375-319-7590,120
726,3/13/2020,3,completed,Tory Milch,tmilchk5@businesswire.com,1/13/2024,767-703-2308,364
727,10/15/2020,4,active,Gerda Sewell,gsewellk6@sciencedirect.com,1/21/2024,804-980-0439,289
728,10/24/2022,3,completed,Tarra Wickendon,twickendonk7@globo.com,1/12/2025,523-178-2122,255
729,8/15/2023,3,pending,Shani Toope,stoopek8@photobucket.com,9/4/2020,521-228-9098,173
730,2/14/2020,4,pending,Lucretia Maw,lmawk9@i2i.jp,3/5/2020,716-556-2203,149
731,10/27/2021,3,completed,Eba Goldstraw,egoldstrawka@is.gd,5/17/2022,812-974-0504,175
732,2/13/2022,4,pending,Jolee O'Roan,joroankb@dell.com,11/16/2025,626-574-7986,402
733,11/30/2026,1,pending,Dene Harte,dhartekc@amazonaws.com,6/29/2024,262-451-7397,214
734,10/11/2021,4,active,Sophey Merricks,smerrickskd@51.la,3/8/2024,310-240-2796,118
735,6/12/2020,6,active,Stacey Brimelow,sbrimelowke@ycombinator.com,8/6/2026,212-659-0520,189
736,12/6/2020,6,active,Glenine Tomlin,gtomlinkf@rakuten.co.jp,10/27/2022,300-305-5265,63
737,6/12/2021,5,pending,Rhodia Tuting,rtutingkg@fema.gov,2/20/2026,721-578-9255,403
738,10/7/2024,1,completed,Sonja Tarborn,starbornkh@theglobeandmail.com,12/13/2025,122-331-4868,115
739,5/14/2025,2,active,Standford Eastope,seastopeki@theglobeandmail.com,1/24/2024,387-219-2995,199
740,11/13/2023,4,completed,Jeannine Florentine,jflorentinekj@bbb.org,11/15/2026,970-452-9818,75
741,7/29/2021,4,pending,Der Putman,dputmankk@fotki.com,8/4/2025,279-977-6487,25
742,1/6/2025,5,pending,Rodolfo Mosey,rmoseykl@state.gov,3/13/2021,402-441-4186,468
743,8/30/2023,1,active,Farah Roddan,froddankm@discovery.com,7/1/2025,287-596-4768,319
744,8/30/2026,1,pending,Galvan Madelin,gmadelinkn@over-blog.com,6/10/2026,893-335-5676,274
745,2/14/2026,5,completed,Francklin Laven,flavenko@clickbank.net,3/22/2024,383-165-6237,454
746,3/15/2021,5,completed,Ashlan Mc Coughan,amckp@mac.com,10/25/2020,942-905-3596,408
747,7/12/2021,4,active,Emelda Claybourn,eclaybournkq@deviantart.com,8/24/2022,684-904-7269,288
748,7/22/2021,1,pending,Matt Bellie,mbelliekr@flavors.me,2/14/2023,577-128-9670,89
749,5/6/2024,6,pending,Lorrin Giorgi,lgiorgiks@vkontakte.ru,6/2/2022,236-852-0242,290
750,5/28/2025,1,active,Lydia Pharro,lpharrokt@techcrunch.com,4/15/2022,871-240-3098,265
751,3/13/2024,2,pending,Rene Jays,rjaysku@intel.com,5/2/2021,180-484-4632,104
752,7/11/2023,1,pending,Lincoln Surgener,lsurgenerkv@imgur.com,4/14/2025,278-586-7616,420
753,2/20/2021,3,active,Elden Willox,ewilloxkw@eventbrite.com,4/29/2023,723-425-9514,48
754,8/11/2025,3,active,Price Bouldon,pbouldonkx@oaic.gov.au,6/22/2023,952-852-9386,190
755,3/29/2024,1,pending,Leonore Dearle-Palser,ldearlepalserky@ihg.com,11/11/2020,597-856-3346,287
756,1/6/2023,6,completed,Lauryn Croser,lcroserkz@mit.edu,12/31/2025,773-987-2611,483
757,11/11/2020,6,active,Michaella Tresler,mtreslerl0@bloglovin.com,3/16/2021,749-300-3567,227
758,6/22/2020,2,pending,Amargo Arckoll,aarckolll1@typepad.com,2/28/2022,934-446-6311,288
759,4/15/2025,5,completed,Templeton Lindermann,tlindermannl2@google.co.uk,1/22/2025,347-265-8128,182
760,2/3/2021,1,completed,Courtney Ing,cingl3@mlb.com,1/19/2022,733-898-6782,289
761,8/25/2022,5,active,Irma Redmille,iredmillel4@pcworld.com,12/18/2022,622-579-6282,178
762,7/5/2020,5,pending,Aime Matskiv,amatskivl5@craigslist.org,2/11/2020,232-491-4869,223
763,5/2/2023,4,completed,Fran Babcock,fbabcockl6@angelfire.com,8/22/2021,311-368-3777,171
764,9/30/2026,5,pending,Olly Kibbye,okibbyel7@prnewswire.com,7/21/2025,389-134-8500,443
765,8/23/2022,4,completed,Bonnie Beal,bbeall8@yelp.com,5/22/2021,753-856-5635,239
766,5/12/2020,1,completed,Kendell Edwicke,kedwickel9@indiatimes.com,3/25/2021,912-497-2019,452
767,8/31/2020,5,pending,Reed Maskew,rmaskewla@hc360.com,9/19/2023,202-566-7202,111
768,5/17/2024,1,pending,Luci Ottery,lotterylb@nymag.com,1/8/2021,578-790-7328,239
769,11/26/2022,6,completed,Donnie Epgrave,depgravelc@un.org,2/11/2020,648-181-7806,163
770,10/23/2023,5,pending,Emilie Dymond,edymondld@marketwatch.com,2/20/2026,950-812-4284,65
771,7/27/2021,1,active,Lucky Ephson,lephsonle@nasa.gov,6/3/2024,452-259-1950,33
772,8/21/2021,1,pending,Kikelia Leahy,kleahylf@guardian.co.uk,7/13/2025,890-817-2878,93
773,10/23/2022,3,pending,Jake Brakewell,jbrakewelllg@google.ru,2/9/2021,895-624-3799,229
774,10/23/2025,6,pending,August Bhar,abharlh@ucsd.edu,7/4/2026,342-710-6138,368
775,12/1/2021,3,active,Sybyl Clewley,sclewleyli@boston.com,10/3/2023,579-235-5493,483
776,8/15/2020,1,active,Brittni Longshaw,blongshawlj@pagesperso-orange.fr,10/14/2021,902-326-5628,288
777,8/8/2022,2,active,Annabela Geertje,ageertjelk@foxnews.com,2/18/2020,522-213-2827,218
778,2/27/2024,3,completed,Heather Valentetti,hvalentettill@google.pl,8/24/2026,722-943-6190,248
779,3/23/2021,3,completed,Mark Newlan,mnewlanlm@edublogs.org,12/23/2021,833-236-0547,473
780,1/8/2022,1,active,Mada Wigin,mwiginln@apple.com,3/23/2026,297-438-2386,480
781,5/4/2025,5,pending,Ronni McDirmid,rmcdirmidlo@abc.net.au,5/21/2025,516-412-5282,57
782,11/16/2021,1,completed,Udale Ruler,urulerlp@oracle.com,1/29/2024,672-559-7571,106
783,4/14/2020,5,pending,Gabrielle McDuffie,gmcduffielq@tumblr.com,3/17/2022,568-124-5171,332
784,2/28/2023,6,active,Cristy Mullins,cmullinslr@edublogs.org,12/13/2020,578-676-6629,198
785,12/31/2025,5,completed,Pennie Lepere,pleperels@sogou.com,9/26/2024,667-219-3564,320
786,2/25/2020,4,pending,Aloysia Fouldes,afouldeslt@examiner.com,6/21/2023,493-564-4251,92
787,9/16/2025,2,completed,Gonzalo Walisiak,gwalisiaklu@techcrunch.com,2/6/2023,325-487-8106,284
788,11/26/2023,1,active,Kylie Lilloe,klilloelv@vk.com,10/28/2022,869-533-8365,104
789,9/21/2023,4,completed,Raddy Daughtry,rdaughtrylw@posterous.com,3/1/2024,939-741-9858,476
790,7/18/2025,3,completed,Gisela Hocking,ghockinglx@eventbrite.com,7/3/2021,884-210-9990,186
791,6/24/2023,2,pending,Sandi Duddle,sduddlely@ning.com,6/21/2022,385-647-6293,101
792,7/7/2020,5,pending,Law Phizaclea,lphizaclealz@apple.com,2/4/2023,816-623-4075,250
793,4/30/2023,6,completed,Myra Compfort,mcompfortm0@shop-pro.jp,12/17/2026,557-992-1026,326
794,3/12/2025,1,pending,Wren Dommersen,wdommersenm1@salon.com,8/14/2022,487-294-8025,306
795,8/9/2021,4,completed,Dru Tire,dtirem2@twitpic.com,4/1/2020,355-765-5574,410
796,5/23/2026,1,active,Larina Croose,lcroosem3@reddit.com,1/15/2025,921-833-1975,462
797,10/17/2026,5,active,Karyl Bernardt,kbernardtm4@tumblr.com,3/29/2026,896-841-0549,18
798,1/29/2023,5,active,Nata Huish,nhuishm5@telegraph.co.uk,1/1/2020,998-102-8968,48
799,9/19/2025,3,pending,Austin Bossingham,abossinghamm6@mozilla.com,8/23/2025,413-926-3339,251
800,5/26/2023,3,active,Marci Drinkhall,mdrinkhallm7@bloglines.com,9/17/2023,869-655-0353,429
801,11/15/2023,4,pending,Avigdor De Coursey,adem8@statcounter.com,10/22/2020,571-481-2001,305
802,3/24/2022,3,active,Audra Crumby,acrumbym9@quantcast.com,9/12/2023,652-461-9934,14
803,9/24/2020,5,active,Giulio Mc-Kerley,gmckerleyma@drupal.org,7/7/2021,540-387-3317,480
804,1/14/2022,1,completed,Marshall Ninnotti,mninnottimb@nature.com,11/19/2025,685-599-9478,151
805,12/18/2023,2,pending,Isabeau Folomin,ifolominmc@nasa.gov,11/1/2022,524-369-0637,245
806,9/20/2024,3,completed,Care Garbett,cgarbettmd@amazon.co.uk,1/31/2025,276-259-1461,436
807,1/9/2024,6,pending,Alessandra Cromleholme,acromleholmeme@tumblr.com,9/15/2023,415-732-1732,156
808,3/27/2024,4,active,Bathsheba Willson,bwillsonmf@yahoo.co.jp,11/29/2020,632-532-5973,262
809,1/14/2025,3,completed,Padgett Sturley,psturleymg@seattletimes.com,11/28/2022,789-698-6661,174
810,10/8/2021,5,completed,Dalton Staynes,dstaynesmh@ed.gov,11/27/2026,652-713-3365,462
811,10/14/2022,1,active,Alden Marjot,amarjotmi@seattletimes.com,1/28/2021,647-642-6031,439
812,9/30/2021,4,completed,Jamie Vaskin,jvaskinmj@pen.io,4/3/2020,892-951-1195,482
813,12/19/2025,5,pending,Ruthi Hatherleigh,rhatherleighmk@uol.com.br,9/10/2021,162-798-2420,377
814,11/5/2023,4,active,Zacharie Blanch,zblanchml@cloudflare.com,11/3/2025,769-570-2405,189
815,3/30/2021,1,active,Jonas Dendon,jdendonmm@google.cn,3/22/2025,165-519-6460,264
816,1/12/2021,3,active,Yorgos Rawls,yrawlsmn@goodreads.com,4/13/2026,172-957-3911,177
817,9/16/2022,6,completed,Ardath Terram,aterrammo@blogtalkradio.com,7/22/2025,444-118-1629,251
818,6/14/2022,3,active,Granthem Perkinson,gperkinsonmp@cmu.edu,5/4/2024,903-957-5525,441
819,10/17/2024,3,completed,Ardella Dametti,adamettimq@hp.com,11/10/2022,460-470-5153,1
820,10/5/2022,2,pending,Lamont Leatt,lleattmr@theatlantic.com,3/30/2022,604-549-4692,299
821,2/22/2024,5,completed,Onida Coite,ocoitems@ucsd.edu,10/15/2025,226-287-7641,411
822,9/10/2026,4,completed,Paul Dorbin,pdorbinmt@digg.com,11/26/2021,387-257-9629,158
823,2/2/2022,5,pending,Gui Durning,gdurningmu@dion.ne.jp,8/26/2024,165-125-4033,373
824,12/19/2025,3,completed,Nappie Andriesse,nandriessemv@diigo.com,4/27/2025,733-615-0297,32
825,7/9/2022,4,pending,Ali Dugald,adugaldmw@redcross.org,9/7/2026,119-344-7106,131
826,7/11/2020,2,pending,Beniamino Rubbert,brubbertmx@xrea.com,12/12/2022,108-443-3688,456
827,12/20/2022,2,active,Yetty Brocket,ybrocketmy@bandcamp.com,8/27/2021,945-846-7732,319
828,2/3/2025,4,completed,Jonah Kerrod,jkerrodmz@163.com,6/27/2023,572-220-0831,205
829,3/20/2025,2,completed,Rodina Cloonan,rcloonann0@ft.com,1/31/2021,846-928-0004,487
830,1/28/2021,4,pending,Gigi Pestell,gpestelln1@oakley.com,7/4/2026,848-398-0056,52
831,2/20/2021,5,completed,Alanna German,agermann2@skype.com,6/10/2021,769-178-6760,296
832,5/30/2025,2,pending,Salvidor Acklands,sacklandsn3@cbsnews.com,7/3/2021,149-438-8668,172
833,5/3/2026,1,completed,Janina Wyvill,jwyvilln4@newsvine.com,12/10/2022,372-514-2263,423
834,2/9/2023,1,active,Clair Brakespear,cbrakespearn5@i2i.jp,10/31/2024,352-886-9185,297
835,5/14/2022,5,completed,Ciro Gudgen,cgudgenn6@ifeng.com,2/1/2021,166-270-1029,348
836,3/17/2024,2,active,Kelly Riggey,kriggeyn7@vk.com,7/14/2021,162-301-6591,306
837,12/31/2020,1,pending,Myrilla Tudbald,mtudbaldn8@liveinternet.ru,8/12/2023,626-156-3506,275
838,11/28/2023,2,pending,Shanta MacGiolla,smacgiollan9@over-blog.com,5/30/2024,408-214-2488,323
839,2/20/2023,5,pending,Selby Zorener,szorenerna@wikia.com,12/5/2026,265-405-1992,362
840,2/11/2020,2,completed,Gabriello Derricoat,gderricoatnb@amazon.co.uk,1/19/2021,394-504-9400,351
841,6/6/2023,2,pending,Rey Rutigliano,rrutiglianonc@google.com.au,6/23/2026,503-444-2115,117
842,1/10/2025,4,active,Seward Lineen,slineennd@sbwire.com,10/11/2020,932-282-3260,420
843,1/17/2021,4,completed,Royce Flea,rfleane@ow.ly,8/19/2020,827-725-1237,4
844,1/13/2026,6,completed,Cori Jahnisch,cjahnischnf@google.fr,12/1/2021,560-360-1466,496
845,4/5/2023,3,pending,Cindee Yetts,cyettsng@cbsnews.com,8/24/2025,738-489-7119,257
846,12/9/2021,5,active,Raye McEllen,rmcellennh@amazonaws.com,12/5/2023,493-713-8895,421
847,11/7/2024,4,active,Andie Studdeard,astuddeardni@kickstarter.com,2/17/2023,620-766-4733,122
848,1/29/2021,3,active,Romy Spurdle,rspurdlenj@marketwatch.com,6/7/2023,152-402-8204,225
849,9/5/2023,3,completed,Raddie Killiam,rkilliamnk@redcross.org,6/8/2023,755-276-1696,247
850,8/4/2024,6,completed,Andreas Kunkel,akunkelnl@sun.com,12/30/2021,351-579-8674,423
851,7/1/2022,6,completed,Amber Troyes,atroyesnm@bigcartel.com,11/27/2024,158-310-0662,96
852,8/25/2022,6,pending,Maryjane Murfett,mmurfettnn@addtoany.com,5/17/2021,478-608-9044,252
853,1/17/2020,3,completed,Desiri Kilgour,dkilgourno@patch.com,1/17/2023,618-467-7376,97
854,12/4/2026,6,pending,Julius Footitt,jfootittnp@ifeng.com,5/31/2021,739-149-6972,337
855,1/19/2024,4,completed,Tabby Lejeune,tlejeunenq@so-net.ne.jp,3/26/2025,635-783-8379,264
856,5/13/2023,1,completed,Teodora Ferby,tferbynr@bbc.co.uk,3/26/2020,648-208-6243,379
857,5/26/2025,3,completed,Ashil Edwardes,aedwardesns@fema.gov,1/22/2025,462-705-1888,346
858,9/19/2022,2,pending,Igor Medlar,imedlarnt@about.me,8/24/2022,749-838-2979,271
859,7/6/2025,5,active,Levi Lannin,llanninnu@admin.ch,3/29/2026,311-472-7777,147
860,1/31/2024,4,active,Mauricio Morena,mmorenanv@hatena.ne.jp,2/13/2021,623-380-6646,412
861,1/7/2020,5,pending,Cosme Galliard,cgalliardnw@sitemeter.com,5/17/2021,411-441-2378,83
862,10/3/2026,3,active,Ursulina Ivanets,uivanetsnx@state.tx.us,12/8/2022,556-486-4534,160
863,4/23/2024,2,completed,Forester Bezley,fbezleyny@meetup.com,4/17/2021,663-266-0983,430
864,9/3/2021,4,active,Roselia Kempston,rkempstonnz@jimdo.com,12/3/2022,576-793-7756,160
865,10/6/2021,5,active,Fonzie Jerrome,fjerromeo0@liveinternet.ru,1/11/2022,778-639-3643,48
866,5/10/2022,6,active,Suzann Driffe,sdriffeo1@nbcnews.com,9/8/2026,788-725-6881,62
867,10/10/2020,3,pending,Moishe Pimlock,mpimlocko2@globo.com,10/18/2021,596-792-8646,424
868,10/10/2023,5,pending,Shell Stare,sstareo3@nydailynews.com,1/7/2021,741-232-2742,348
869,10/26/2022,1,pending,Sigismundo Lennon,slennono4@cloudflare.com,12/29/2022,833-446-2243,350
870,2/3/2020,5,active,Bonita Burgane,bburganeo5@slate.com,1/6/2024,384-551-2109,396
871,8/9/2025,3,pending,Sayers Dulling,sdullingo6@wisc.edu,9/11/2020,523-445-2372,104
872,11/16/2026,4,active,Allin Westcot,awestcoto7@pinterest.com,8/24/2020,978-306-6959,374
873,8/11/2023,1,active,Josephine Fudge,jfudgeo8@rediff.com,4/23/2025,686-146-9695,492
874,6/25/2021,3,completed,Roddy Ierland,rierlando9@huffingtonpost.com,1/19/2025,980-642-6106,445
875,6/30/2021,6,active,Albrecht Stonall,astonalloa@hhs.gov,3/22/2022,130-821-2131,334
876,11/1/2021,6,active,Roosevelt Boutellier,rboutellierob@epa.gov,6/21/2026,870-389-3357,41
877,10/27/2020,2,pending,Corrie Stowell,cstowelloc@goodreads.com,3/6/2023,997-634-5862,466
878,3/1/2024,1,pending,Tucky Lukasik,tlukasikod@icio.us,10/10/2020,731-871-0165,184
879,4/18/2024,6,pending,Berky Edensor,bedensoroe@go.com,12/6/2024,726-443-6965,192
880,10/3/2020,6,completed,Law Orrobin,lorrobinof@wsj.com,7/2/2026,899-891-5441,486
881,1/5/2025,6,completed,Giacopo Busfield,gbusfieldog@wix.com,8/21/2026,168-541-5390,198
882,1/5/2026,5,active,Haskell Seston,hsestonoh@wix.com,10/25/2026,326-946-2645,363
883,10/17/2021,6,pending,Melonie Shalcras,mshalcrasoi@dropbox.com,7/30/2025,439-640-0744,87
884,5/7/2024,4,completed,Worthington Clemmen,wclemmenoj@technorati.com,10/20/2022,838-356-5852,17
885,6/5/2025,2,completed,Biddy Orsi,borsiok@columbia.edu,1/25/2021,188-569-6443,450
886,11/17/2022,4,pending,Roselia Vagges,rvaggesol@naver.com,11/17/2022,410-967-2806,273
887,10/2/2025,3,active,Emlen Lammie,elammieom@arstechnica.com,5/14/2022,532-635-7686,149
888,6/12/2024,6,active,Robinet Broxis,rbroxison@amazon.co.uk,7/21/2021,105-201-3305,388
889,12/3/2021,6,pending,Chic Goodyear,cgoodyearoo@chicagotribune.com,8/29/2024,922-293-7032,271
890,1/27/2022,3,completed,Claretta Haggerstone,chaggerstoneop@tmall.com,5/20/2023,814-216-1560,261
891,12/18/2023,2,active,Marlene Tootin,mtootinoq@jimdo.com,4/13/2021,824-118-8485,50
892,10/26/2023,2,active,Beatriz Matthieson,bmatthiesonor@msu.edu,10/24/2022,564-632-1138,490
893,5/14/2024,3,pending,Saxe Wildbore,swildboreos@hc360.com,9/10/2024,595-270-1619,101
894,12/19/2025,3,completed,Zak Miquelet,zmiqueletot@moonfruit.com,5/4/2023,430-411-1339,412
895,2/10/2020,3,pending,Aurea Minthorpe,aminthorpeou@freewebs.com,1/21/2021,887-855-1169,144
896,3/31/2021,1,active,Aprilette Houlahan,ahoulahanov@wordpress.org,6/11/2024,940-540-1138,150
897,11/5/2023,4,active,Catrina Cockshot,ccockshotow@opera.com,1/31/2020,289-675-9769,351
898,3/3/2021,2,active,Graeme Knibbs,gknibbsox@cisco.com,10/23/2021,468-126-6962,11
899,8/29/2023,4,pending,Nico Arent,narentoy@baidu.com,12/13/2024,337-484-5846,235
900,2/14/2020,1,active,Sandro Extall,sextalloz@blogger.com,8/6/2024,820-134-8154,57
901,5/12/2022,2,completed,Marvin Queenborough,mqueenboroughp0@list-manage.com,2/24/2022,845-478-4643,135
902,8/1/2023,1,completed,Cortie Minichi,cminichip1@blinklist.com,6/23/2023,901-663-8492,234
903,10/15/2025,2,active,Kerk De Roberto,kdep2@flavors.me,7/10/2023,506-878-2699,68
904,8/30/2020,4,active,Minnaminnie Cornu,mcornup3@hugedomains.com,6/3/2021,201-819-8484,208
905,9/6/2020,2,pending,Lynna Kupisz,lkupiszp4@fda.gov,9/4/2025,662-102-1055,462
906,6/3/2025,1,active,Harwilll Milliere,hmillierep5@webnode.com,10/2/2021,964-574-8747,481
907,9/3/2021,5,completed,Gunter Parsonson,gparsonsonp6@arstechnica.com,2/19/2026,986-174-2572,472
908,5/15/2022,6,active,Cherice Kingzet,ckingzetp7@hibu.com,9/13/2022,354-153-7007,462
909,2/5/2020,6,active,Lavinie Showt,lshowtp8@bluehost.com,1/28/2022,873-418-2365,271
910,2/15/2022,4,pending,Smith Peeter,speeterp9@nifty.com,3/22/2021,383-867-0015,201
911,3/8/2026,2,active,Eyde Doxsey,edoxseypa@wisc.edu,10/12/2024,901-864-1083,258
912,5/28/2022,4,completed,Dorena Quakley,dquakleypb@yahoo.com,11/4/2024,163-703-6962,224
913,11/10/2026,1,active,Helenka Diggell,hdiggellpc@addtoany.com,6/2/2025,498-610-9307,317
914,7/12/2022,6,pending,Giralda Toffoloni,gtoffolonipd@nbcnews.com,10/18/2024,516-769-7750,117
915,1/28/2025,4,active,Joshua Matzke,jmatzkepe@furl.net,10/21/2025,706-314-1438,310
916,8/4/2025,5,pending,Pauly Cookes,pcookespf@photobucket.com,11/11/2022,293-274-6226,269
917,11/12/2023,1,active,Eleen Aizic,eaizicpg@apple.com,1/10/2021,987-824-1950,150
918,11/15/2025,6,completed,Jeralee Giametti,jgiamettiph@loc.gov,2/8/2021,715-983-0841,199
919,12/3/2025,4,completed,Barde Carvill,bcarvillpi@earthlink.net,10/7/2022,650-395-7315,152
920,2/10/2025,3,pending,Miof mela Fossord,mmelapj@comsenz.com,10/16/2023,691-716-6137,469
921,3/24/2026,4,pending,Gothart Paskins,gpaskinspk@home.pl,1/31/2025,379-592-0156,335
922,9/9/2020,1,completed,Marga Probbings,mprobbingspl@prnewswire.com,12/19/2021,929-699-2735,109
923,10/22/2023,4,completed,Eva O'Doireidh,eodoireidhpm@shareasale.com,4/26/2024,692-194-5742,282
924,5/12/2021,5,pending,Coop Lashley,clashleypn@umich.edu,4/21/2026,493-737-4583,316
925,10/10/2026,2,pending,Godfree McIlory,gmcilorypo@census.gov,9/3/2024,850-948-0029,326
926,5/13/2024,4,active,Pammy Scrivinor,pscrivinorpp@woothemes.com,12/15/2022,445-433-8422,419
927,12/22/2020,6,pending,Harv Schruyers,hschruyerspq@so-net.ne.jp,5/6/2020,369-649-5060,269
928,11/17/2025,4,active,Ambrosi Djuricic,adjuricicpr@disqus.com,3/25/2020,766-140-2889,491
929,1/18/2024,3,completed,Brok Bernhardsson,bbernhardssonps@zdnet.com,3/27/2026,487-724-9424,166
930,12/1/2022,4,completed,Sonnnie Sherwen,ssherwenpt@xing.com,6/27/2022,240-527-7393,346
931,5/2/2021,4,active,Lucille Robertazzi,lrobertazzipu@businessweek.com,1/16/2021,431-146-4388,138
932,6/22/2023,4,pending,Dulcine Scroggins,dscrogginspv@dell.com,10/5/2023,444-146-1173,438
933,4/14/2026,1,active,Shina Buff,sbuffpw@trellian.com,2/23/2020,230-189-5253,306
934,3/30/2024,4,pending,Marleah Bromfield,mbromfieldpx@discovery.com,4/26/2024,387-506-1551,492
935,2/27/2024,6,pending,Fawnia Holdworth,fholdworthpy@issuu.com,3/23/2022,630-540-1416,411
936,3/24/2024,2,completed,Christiano Pietrowski,cpietrowskipz@infoseek.co.jp,1/24/2026,545-960-6259,161
937,3/21/2021,6,completed,Matias Lohrensen,mlohrensenq0@nifty.com,11/4/2023,285-142-8341,192
938,10/24/2026,4,completed,Smitty Clemits,sclemitsq1@studiopress.com,11/10/2021,955-651-5595,30
939,3/6/2023,6,pending,Sigrid Callinan,scallinanq2@cbslocal.com,6/12/2022,498-815-4373,54
940,2/6/2021,6,completed,Justinian McPhail,jmcphailq3@bigcartel.com,7/2/2021,653-633-1454,142
941,1/2/2023,5,pending,Carin Trappe,ctrappeq4@cpanel.net,2/1/2023,433-654-7350,330
942,6/14/2021,3,active,Corene Croley,ccroleyq5@ning.com,10/19/2022,951-561-4889,246
943,5/10/2025,1,completed,Chere Wiffield,cwiffieldq6@twitpic.com,10/19/2025,703-644-3279,225
944,11/17/2021,4,active,Palm Heakins,pheakinsq7@thetimes.co.uk,7/10/2022,438-330-4058,368
945,2/23/2023,4,completed,Tiffanie Van Arsdalen,tvanq8@lulu.com,5/14/2022,771-721-0347,198
946,4/23/2025,1,pending,Milo Marner,mmarnerq9@uol.com.br,4/3/2024,803-851-2127,359
947,3/31/2020,3,active,Ase Crudginton,acrudgintonqa@flavors.me,3/21/2020,375-207-8440,487
948,8/30/2020,2,completed,Chadwick Strelitz,cstrelitzqb@paypal.com,3/19/2020,190-752-4818,369
949,6/21/2021,2,pending,Jewell Kimbell,jkimbellqc@nps.gov,1/28/2024,926-578-1738,371
950,10/20/2023,6,active,Lindie McWhirter,lmcwhirterqd@networksolutions.com,9/17/2025,889-346-4168,353
951,12/6/2021,6,completed,Cissiee Helliker,chellikerqe@shareasale.com,6/15/2026,402-125-0638,48
952,12/20/2025,6,completed,Inna MacVean,imacveanqf@w3.org,4/17/2021,481-154-2503,3
953,10/6/2026,3,completed,Ilario Hyam,ihyamqg@barnesandnoble.com,6/28/2023,414-664-7676,176
954,6/22/2026,4,pending,Leila Cullity,lcullityqh@creativecommons.org,9/10/2025,354-791-8027,54
955,8/31/2026,2,pending,Nicolas Dibson,ndibsonqi@cbslocal.com,7/17/2023,679-105-4383,420
956,10/21/2022,2,pending,Rhea Byforth,rbyforthqj@mlb.com,12/18/2025,984-959-3730,376
957,2/19/2022,2,pending,Jacobo Berntsson,jberntssonqk@businessinsider.com,10/14/2021,142-920-3346,374
958,8/5/2025,4,active,Hedwiga Comber,hcomberql@engadget.com,2/21/2024,598-255-4961,320
959,7/20/2024,3,pending,Rana Rowantree,rrowantreeqm@ftc.gov,10/22/2023,622-228-0116,481
960,8/13/2020,4,active,Euell Thomton,ethomtonqn@furl.net,8/16/2022,607-147-3840,406
961,3/7/2022,1,active,Arlette Sterke,asterkeqo@rakuten.co.jp,4/8/2026,413-932-4199,115
962,12/7/2021,1,active,Sharona Kach,skachqp@craigslist.org,3/2/2020,829-217-3211,491
963,9/15/2020,6,completed,Lelah Bernhardt,lbernhardtqq@dedecms.com,9/13/2022,331-770-5592,59
964,9/11/2026,3,completed,Gaelan Gislebert,ggislebertqr@list-manage.com,12/16/2024,818-110-6187,142
965,2/12/2024,4,completed,Broddie Toulmin,btoulminqs@gravatar.com,3/31/2020,913-523-1120,452
966,7/11/2026,5,active,Elwyn Paddison,epaddisonqt@hibu.com,9/27/2022,361-874-1043,142
967,11/14/2021,5,active,Daisey Tallet,dtalletqu@msn.com,12/2/2024,358-546-2956,462
968,2/14/2020,6,completed,Auguste Yewdale,ayewdaleqv@telegraph.co.uk,1/10/2025,801-202-1266,389
969,6/12/2026,3,active,Courtenay Beaze,cbeazeqw@merriam-webster.com,10/27/2025,471-594-5117,237
970,9/9/2024,5,completed,Weidar Tomczak,wtomczakqx@army.mil,4/21/2026,509-190-9103,369
971,5/30/2020,6,active,Becki Bunten,bbuntenqy@oaic.gov.au,10/17/2025,501-757-7519,468
972,5/5/2026,5,pending,Turner Lott,tlottqz@uiuc.edu,5/16/2020,389-289-9988,50
973,8/8/2022,1,completed,Francisco Bester,fbesterr0@hud.gov,1/3/2021,111-907-4734,177
974,12/22/2026,5,completed,Denver Du Fray,ddur1@house.gov,11/8/2025,250-787-4172,432
975,6/16/2026,2,completed,Randee Danielsohn,rdanielsohnr2@ft.com,6/9/2024,476-783-8169,52
976,4/6/2026,4,pending,Marshall Ritelli,mritellir3@360.cn,9/30/2024,506-484-2026,336
977,10/8/2025,2,completed,Major Gillani,mgillanir4@nbcnews.com,2/26/2023,437-749-3685,232
978,9/4/2024,3,completed,Abelard Heningam,aheningamr5@wp.com,7/29/2021,231-547-1629,368
979,5/24/2020,2,completed,Emilia Carreyette,ecarreyetter6@ocn.ne.jp,9/19/2026,154-526-8809,11
980,9/30/2022,2,pending,Salomi Prugel,sprugelr7@phoca.cz,9/21/2023,393-987-1872,73
981,5/3/2025,2,pending,Jae Dunbabin,jdunbabinr8@msn.com,3/10/2021,237-546-8015,399
982,12/15/2025,1,completed,Ketti Turfes,kturfesr9@pcworld.com,4/17/2022,736-104-8459,378
983,11/10/2023,3,pending,Curt Dahill,cdahillra@cisco.com,8/15/2022,457-801-9809,298
984,3/10/2025,3,pending,Kinnie Lack,klackrb@thetimes.co.uk,12/15/2023,576-796-7759,17
985,7/17/2022,2,completed,Sidnee Rosenzwig,srosenzwigrc@cafepress.com,2/14/2022,319-395-7587,166
986,11/23/2025,3,completed,Tymon Iddon,tiddonrd@clickbank.net,11/20/2023,686-965-0989,345
987,2/8/2020,5,active,Ethel Johl,ejohlre@hibu.com,9/23/2021,403-184-5682,268
988,4/15/2024,3,completed,Rosabel Radwell,rradwellrf@about.com,5/22/2023,283-985-7428,101
989,2/25/2024,1,active,Crichton McTrusty,cmctrustyrg@alexa.com,8/20/2023,704-919-9988,38
990,3/3/2020,1,completed,Graeme Stockton,gstocktonrh@comcast.net,10/6/2023,637-808-4098,162
991,4/8/2026,5,pending,Genny McLinden,gmclindenri@opensource.org,12/19/2023,412-617-6776,262
992,4/14/2025,3,pending,Iain Le Prevost,ilerj@rambler.ru,4/17/2025,704-426-1706,471
993,8/17/2021,4,completed,Riva Palumbo,rpalumbork@vimeo.com,2/26/2024,408-507-9778,306
994,2/21/2022,3,completed,Ashby Metts,amettsrl@oakley.com,3/6/2026,461-452-8359,91
995,3/8/2026,3,active,Gino But,gbutrm@accuweather.com,6/19/2021,900-491-2063,472
996,5/8/2025,4,pending,Michail Maxsted,mmaxstedrn@google.cn,4/18/2020,521-161-8680,297
997,4/19/2025,4,pending,Ibby Peirazzi,ipeirazziro@gov.uk,2/7/2023,824-383-7207,123
998,2/11/2020,5,completed,Gwendolin Jereatt,gjereattrp@opensource.org,9/7/2022,898-738-4170,170
999,8/4/2021,3,active,Orren Luten,olutenrq@state.gov,7/8/2026,524-148-1580,43
1000,3/24/2021,1,completed,Renaldo Michie,rmichierr@bluehost.com,6/19/2023,314-537-9614,280
